
Atmega32Driver.elf:     file format elf32-avr

Sections:
Idx Name          Size      VMA       LMA       File off  Algn
  0 .text         00002348  00000000  00000000  00000094  2**1
                  CONTENTS, ALLOC, LOAD, READONLY, CODE
  1 .data         0000001c  00800060  00002348  000023dc  2**0
                  CONTENTS, ALLOC, LOAD, DATA
  2 .bss          00000011  0080007c  0080007c  000023f8  2**0
                  ALLOC
  3 .stab         00004ee4  00000000  00000000  000023f8  2**2
                  CONTENTS, READONLY, DEBUGGING
  4 .stabstr      00002b6d  00000000  00000000  000072dc  2**0
                  CONTENTS, READONLY, DEBUGGING
  5 .comment      00000011  00000000  00000000  00009e49  2**0
                  CONTENTS, READONLY
  6 .note.gnu.avr.deviceinfo 0000003c  00000000  00000000  00009e5c  2**2
                  CONTENTS, READONLY
  7 .debug_info   000004e6  00000000  00000000  00009e98  2**0
                  CONTENTS, READONLY, DEBUGGING
  8 .debug_abbrev 000004a3  00000000  00000000  0000a37e  2**0
                  CONTENTS, READONLY, DEBUGGING
  9 .debug_line   0000001a  00000000  00000000  0000a821  2**0
                  CONTENTS, READONLY, DEBUGGING
 10 .debug_str    00000196  00000000  00000000  0000a83b  2**0
                  CONTENTS, READONLY, DEBUGGING

Disassembly of section .text:

00000000 <__vectors>:
       0:	0c 94 2a 00 	jmp	0x54	; 0x54 <__ctors_end>
       4:	0c 94 fb 01 	jmp	0x3f6	; 0x3f6 <__vector_1>
       8:	0c 94 30 02 	jmp	0x460	; 0x460 <__vector_2>
       c:	0c 94 65 02 	jmp	0x4ca	; 0x4ca <__vector_3>
      10:	0c 94 47 00 	jmp	0x8e	; 0x8e <__bad_interrupt>
      14:	0c 94 47 00 	jmp	0x8e	; 0x8e <__bad_interrupt>
      18:	0c 94 47 00 	jmp	0x8e	; 0x8e <__bad_interrupt>
      1c:	0c 94 47 00 	jmp	0x8e	; 0x8e <__bad_interrupt>
      20:	0c 94 47 00 	jmp	0x8e	; 0x8e <__bad_interrupt>
      24:	0c 94 47 00 	jmp	0x8e	; 0x8e <__bad_interrupt>
      28:	0c 94 47 00 	jmp	0x8e	; 0x8e <__bad_interrupt>
      2c:	0c 94 92 00 	jmp	0x124	; 0x124 <__vector_11>
      30:	0c 94 47 00 	jmp	0x8e	; 0x8e <__bad_interrupt>
      34:	0c 94 47 00 	jmp	0x8e	; 0x8e <__bad_interrupt>
      38:	0c 94 47 00 	jmp	0x8e	; 0x8e <__bad_interrupt>
      3c:	0c 94 47 00 	jmp	0x8e	; 0x8e <__bad_interrupt>
      40:	0c 94 47 00 	jmp	0x8e	; 0x8e <__bad_interrupt>
      44:	0c 94 47 00 	jmp	0x8e	; 0x8e <__bad_interrupt>
      48:	0c 94 47 00 	jmp	0x8e	; 0x8e <__bad_interrupt>
      4c:	0c 94 47 00 	jmp	0x8e	; 0x8e <__bad_interrupt>
      50:	0c 94 47 00 	jmp	0x8e	; 0x8e <__bad_interrupt>

00000054 <__ctors_end>:
      54:	11 24       	eor	r1, r1
      56:	1f be       	out	0x3f, r1	; 63
      58:	cf e5       	ldi	r28, 0x5F	; 95
      5a:	d8 e0       	ldi	r29, 0x08	; 8
      5c:	de bf       	out	0x3e, r29	; 62
      5e:	cd bf       	out	0x3d, r28	; 61

00000060 <__do_copy_data>:
      60:	10 e0       	ldi	r17, 0x00	; 0
      62:	a0 e6       	ldi	r26, 0x60	; 96
      64:	b0 e0       	ldi	r27, 0x00	; 0
      66:	e8 e4       	ldi	r30, 0x48	; 72
      68:	f3 e2       	ldi	r31, 0x23	; 35
      6a:	02 c0       	rjmp	.+4      	; 0x70 <__do_copy_data+0x10>
      6c:	05 90       	lpm	r0, Z+
      6e:	0d 92       	st	X+, r0
      70:	ac 37       	cpi	r26, 0x7C	; 124
      72:	b1 07       	cpc	r27, r17
      74:	d9 f7       	brne	.-10     	; 0x6c <__do_copy_data+0xc>

00000076 <__do_clear_bss>:
      76:	20 e0       	ldi	r18, 0x00	; 0
      78:	ac e7       	ldi	r26, 0x7C	; 124
      7a:	b0 e0       	ldi	r27, 0x00	; 0
      7c:	01 c0       	rjmp	.+2      	; 0x80 <.do_clear_bss_start>

0000007e <.do_clear_bss_loop>:
      7e:	1d 92       	st	X+, r1

00000080 <.do_clear_bss_start>:
      80:	ad 38       	cpi	r26, 0x8D	; 141
      82:	b2 07       	cpc	r27, r18
      84:	e1 f7       	brne	.-8      	; 0x7e <.do_clear_bss_loop>
      86:	0e 94 c2 0f 	call	0x1f84	; 0x1f84 <main>
      8a:	0c 94 a2 11 	jmp	0x2344	; 0x2344 <_exit>

0000008e <__bad_interrupt>:
      8e:	0c 94 00 00 	jmp	0	; 0x0 <__vectors>

00000092 <T0_NormalInit>:
      92:	cf 93       	push	r28
      94:	df 93       	push	r29
      96:	cd b7       	in	r28, 0x3d	; 61
      98:	de b7       	in	r29, 0x3e	; 62
      9a:	83 e5       	ldi	r24, 0x53	; 83
      9c:	90 e0       	ldi	r25, 0x00	; 0
      9e:	23 e0       	ldi	r18, 0x03	; 3
      a0:	fc 01       	movw	r30, r24
      a2:	20 83       	st	Z, r18
      a4:	82 e5       	ldi	r24, 0x52	; 82
      a6:	90 e0       	ldi	r25, 0x00	; 0
      a8:	2c e2       	ldi	r18, 0x2C	; 44
      aa:	fc 01       	movw	r30, r24
      ac:	20 83       	st	Z, r18
      ae:	89 e5       	ldi	r24, 0x59	; 89
      b0:	90 e0       	ldi	r25, 0x00	; 0
      b2:	fc 01       	movw	r30, r24
      b4:	20 81       	ld	r18, Z
      b6:	89 e5       	ldi	r24, 0x59	; 89
      b8:	90 e0       	ldi	r25, 0x00	; 0
      ba:	21 60       	ori	r18, 0x01	; 1
      bc:	fc 01       	movw	r30, r24
      be:	20 83       	st	Z, r18
      c0:	00 00       	nop
      c2:	df 91       	pop	r29
      c4:	cf 91       	pop	r28
      c6:	08 95       	ret

000000c8 <T0_SetPreLoad>:
    TCNT0_Reg = T0_InitPreloadValue;
    // TIMSK -> Enable for OVF Interrupt 
    SetBit(TIMSk_Reg,TOIE0);
}
void T0_SetPreLoad(uint8_t PreloadValue)
{
      c8:	cf 93       	push	r28
      ca:	df 93       	push	r29
      cc:	1f 92       	push	r1
      ce:	cd b7       	in	r28, 0x3d	; 61
      d0:	de b7       	in	r29, 0x3e	; 62
      d2:	89 83       	std	Y+1, r24	; 0x01
     TCNT0_Reg = PreloadValue;
      d4:	82 e5       	ldi	r24, 0x52	; 82
      d6:	90 e0       	ldi	r25, 0x00	; 0
      d8:	29 81       	ldd	r18, Y+1	; 0x01
      da:	fc 01       	movw	r30, r24
      dc:	20 83       	st	Z, r18
     T0_PreloadValue = PreloadValue;
      de:	89 81       	ldd	r24, Y+1	; 0x01
      e0:	88 2f       	mov	r24, r24
      e2:	90 e0       	ldi	r25, 0x00	; 0
      e4:	90 93 61 00 	sts	0x0061, r25	; 0x800061 <__DATA_REGION_ORIGIN__+0x1>
      e8:	80 93 60 00 	sts	0x0060, r24	; 0x800060 <__DATA_REGION_ORIGIN__>
}
      ec:	00 00       	nop
      ee:	0f 90       	pop	r0
      f0:	df 91       	pop	r29
      f2:	cf 91       	pop	r28
      f4:	08 95       	ret

000000f6 <T0_NormalCallBack>:
void T0_NormalCallBack(void(*PF)(void))
{
      f6:	cf 93       	push	r28
      f8:	df 93       	push	r29
      fa:	00 d0       	rcall	.+0      	; 0xfc <T0_NormalCallBack+0x6>
      fc:	cd b7       	in	r28, 0x3d	; 61
      fe:	de b7       	in	r29, 0x3e	; 62
     100:	9a 83       	std	Y+2, r25	; 0x02
     102:	89 83       	std	Y+1, r24	; 0x01
    if(PF!=NULL)
     104:	89 81       	ldd	r24, Y+1	; 0x01
     106:	9a 81       	ldd	r25, Y+2	; 0x02
     108:	89 2b       	or	r24, r25
     10a:	31 f0       	breq	.+12     	; 0x118 <T0_NormalCallBack+0x22>
    {
        NormalPF=PF;
     10c:	89 81       	ldd	r24, Y+1	; 0x01
     10e:	9a 81       	ldd	r25, Y+2	; 0x02
     110:	90 93 7d 00 	sts	0x007D, r25	; 0x80007d <__data_end+0x1>
     114:	80 93 7c 00 	sts	0x007C, r24	; 0x80007c <__data_end>
    }      
}
     118:	00 00       	nop
     11a:	0f 90       	pop	r0
     11c:	0f 90       	pop	r0
     11e:	df 91       	pop	r29
     120:	cf 91       	pop	r28
     122:	08 95       	ret

00000124 <__vector_11>:
void __vector_11(void) __attribute__((signal));
void __vector_11(void)
{
     124:	1f 92       	push	r1
     126:	0f 92       	push	r0
     128:	0f b6       	in	r0, 0x3f	; 63
     12a:	0f 92       	push	r0
     12c:	11 24       	eor	r1, r1
     12e:	2f 93       	push	r18
     130:	3f 93       	push	r19
     132:	4f 93       	push	r20
     134:	5f 93       	push	r21
     136:	6f 93       	push	r22
     138:	7f 93       	push	r23
     13a:	8f 93       	push	r24
     13c:	9f 93       	push	r25
     13e:	af 93       	push	r26
     140:	bf 93       	push	r27
     142:	ef 93       	push	r30
     144:	ff 93       	push	r31
     146:	cf 93       	push	r28
     148:	df 93       	push	r29
     14a:	cd b7       	in	r28, 0x3d	; 61
     14c:	de b7       	in	r29, 0x3e	; 62
    static uint32_t count =  0 ;
    count++;
     14e:	80 91 7e 00 	lds	r24, 0x007E	; 0x80007e <count.1557>
     152:	90 91 7f 00 	lds	r25, 0x007F	; 0x80007f <count.1557+0x1>
     156:	a0 91 80 00 	lds	r26, 0x0080	; 0x800080 <count.1557+0x2>
     15a:	b0 91 81 00 	lds	r27, 0x0081	; 0x800081 <count.1557+0x3>
     15e:	01 96       	adiw	r24, 0x01	; 1
     160:	a1 1d       	adc	r26, r1
     162:	b1 1d       	adc	r27, r1
     164:	80 93 7e 00 	sts	0x007E, r24	; 0x80007e <count.1557>
     168:	90 93 7f 00 	sts	0x007F, r25	; 0x80007f <count.1557+0x1>
     16c:	a0 93 80 00 	sts	0x0080, r26	; 0x800080 <count.1557+0x2>
     170:	b0 93 81 00 	sts	0x0081, r27	; 0x800081 <count.1557+0x3>
    if(count==T0_NoOfOVFCount)
     174:	80 91 7e 00 	lds	r24, 0x007E	; 0x80007e <count.1557>
     178:	90 91 7f 00 	lds	r25, 0x007F	; 0x80007f <count.1557+0x1>
     17c:	a0 91 80 00 	lds	r26, 0x0080	; 0x800080 <count.1557+0x2>
     180:	b0 91 81 00 	lds	r27, 0x0081	; 0x800081 <count.1557+0x3>
     184:	c1 97       	sbiw	r24, 0x31	; 49
     186:	a1 05       	cpc	r26, r1
     188:	b1 05       	cpc	r27, r1
     18a:	e1 f4       	brne	.+56     	; 0x1c4 <__vector_11+0xa0>
    {
        // Action 
        if(NormalPF!=NULL)
     18c:	80 91 7c 00 	lds	r24, 0x007C	; 0x80007c <__data_end>
     190:	90 91 7d 00 	lds	r25, 0x007D	; 0x80007d <__data_end+0x1>
     194:	89 2b       	or	r24, r25
     196:	31 f0       	breq	.+12     	; 0x1a4 <__vector_11+0x80>
        {
            NormalPF();
     198:	80 91 7c 00 	lds	r24, 0x007C	; 0x80007c <__data_end>
     19c:	90 91 7d 00 	lds	r25, 0x007D	; 0x80007d <__data_end+0x1>
     1a0:	fc 01       	movw	r30, r24
     1a2:	09 95       	icall
        }
        // Clear Count 
        count = 0 ; 
     1a4:	10 92 7e 00 	sts	0x007E, r1	; 0x80007e <count.1557>
     1a8:	10 92 7f 00 	sts	0x007F, r1	; 0x80007f <count.1557+0x1>
     1ac:	10 92 80 00 	sts	0x0080, r1	; 0x800080 <count.1557+0x2>
     1b0:	10 92 81 00 	sts	0x0081, r1	; 0x800081 <count.1557+0x3>
        // Update Preload  
        TCNT0_Reg = T0_PreloadValue;
     1b4:	20 91 60 00 	lds	r18, 0x0060	; 0x800060 <__DATA_REGION_ORIGIN__>
     1b8:	30 91 61 00 	lds	r19, 0x0061	; 0x800061 <__DATA_REGION_ORIGIN__+0x1>
     1bc:	82 e5       	ldi	r24, 0x52	; 82
     1be:	90 e0       	ldi	r25, 0x00	; 0
     1c0:	fc 01       	movw	r30, r24
     1c2:	20 83       	st	Z, r18
    }
}
     1c4:	00 00       	nop
     1c6:	df 91       	pop	r29
     1c8:	cf 91       	pop	r28
     1ca:	ff 91       	pop	r31
     1cc:	ef 91       	pop	r30
     1ce:	bf 91       	pop	r27
     1d0:	af 91       	pop	r26
     1d2:	9f 91       	pop	r25
     1d4:	8f 91       	pop	r24
     1d6:	7f 91       	pop	r23
     1d8:	6f 91       	pop	r22
     1da:	5f 91       	pop	r21
     1dc:	4f 91       	pop	r20
     1de:	3f 91       	pop	r19
     1e0:	2f 91       	pop	r18
     1e2:	0f 90       	pop	r0
     1e4:	0f be       	out	0x3f, r0	; 63
     1e6:	0f 90       	pop	r0
     1e8:	1f 90       	pop	r1
     1ea:	18 95       	reti

000001ec <GIE_Enable>:


#include "GIE_Interface.h"

void GIE_Enable()
{
     1ec:	cf 93       	push	r28
     1ee:	df 93       	push	r29
     1f0:	cd b7       	in	r28, 0x3d	; 61
     1f2:	de b7       	in	r29, 0x3e	; 62
    SetBit(SREG_Reg,7);
     1f4:	8f e5       	ldi	r24, 0x5F	; 95
     1f6:	90 e0       	ldi	r25, 0x00	; 0
     1f8:	fc 01       	movw	r30, r24
     1fa:	20 81       	ld	r18, Z
     1fc:	8f e5       	ldi	r24, 0x5F	; 95
     1fe:	90 e0       	ldi	r25, 0x00	; 0
     200:	20 68       	ori	r18, 0x80	; 128
     202:	fc 01       	movw	r30, r24
     204:	20 83       	st	Z, r18
}
     206:	00 00       	nop
     208:	df 91       	pop	r29
     20a:	cf 91       	pop	r28
     20c:	08 95       	ret

0000020e <GIE_Disable>:

void GIE_Disable()
{
     20e:	cf 93       	push	r28
     210:	df 93       	push	r29
     212:	cd b7       	in	r28, 0x3d	; 61
     214:	de b7       	in	r29, 0x3e	; 62
    ClearBit(SREG_Reg,7);
     216:	8f e5       	ldi	r24, 0x5F	; 95
     218:	90 e0       	ldi	r25, 0x00	; 0
     21a:	fc 01       	movw	r30, r24
     21c:	20 81       	ld	r18, Z
     21e:	8f e5       	ldi	r24, 0x5F	; 95
     220:	90 e0       	ldi	r25, 0x00	; 0
     222:	2f 77       	andi	r18, 0x7F	; 127
     224:	fc 01       	movw	r30, r24
     226:	20 83       	st	Z, r18
}
     228:	00 00       	nop
     22a:	df 91       	pop	r29
     22c:	cf 91       	pop	r28
     22e:	08 95       	ret

00000230 <EXTI_Init>:
// EXTI_Init(Exti1,Exti1_Rising);

// Rule 
// Reg = Reg & ~ Mask  | NewValue 
void EXTI_Init(uint8_t InterruptNumber , uint8_t SensControl)
{
     230:	cf 93       	push	r28
     232:	df 93       	push	r29
     234:	00 d0       	rcall	.+0      	; 0x236 <EXTI_Init+0x6>
     236:	cd b7       	in	r28, 0x3d	; 61
     238:	de b7       	in	r29, 0x3e	; 62
     23a:	89 83       	std	Y+1, r24	; 0x01
     23c:	6a 83       	std	Y+2, r22	; 0x02
    if(InterruptNumber == Exti0)
     23e:	89 81       	ldd	r24, Y+1	; 0x01
     240:	88 23       	and	r24, r24
     242:	71 f4       	brne	.+28     	; 0x260 <EXTI_Init+0x30>
    {
        MCUCR_Reg = MCUCR_Reg&~0x03 | (SensControl<<ISC00);
     244:	85 e5       	ldi	r24, 0x55	; 85
     246:	90 e0       	ldi	r25, 0x00	; 0
     248:	fc 01       	movw	r30, r24
     24a:	80 81       	ld	r24, Z
     24c:	98 2f       	mov	r25, r24
     24e:	9c 7f       	andi	r25, 0xFC	; 252
     250:	8a 81       	ldd	r24, Y+2	; 0x02
     252:	29 2f       	mov	r18, r25
     254:	28 2b       	or	r18, r24
     256:	85 e5       	ldi	r24, 0x55	; 85
     258:	90 e0       	ldi	r25, 0x00	; 0
     25a:	fc 01       	movw	r30, r24
     25c:	20 83       	st	Z, r18
    else if(InterruptNumber == Exti2)
    {
        MCUCSR_Reg = MCUCR_Reg&~0x40 | (SensControl<<ISC2);

    }
}
     25e:	31 c0       	rjmp	.+98     	; 0x2c2 <EXTI_Init+0x92>
{
    if(InterruptNumber == Exti0)
    {
        MCUCR_Reg = MCUCR_Reg&~0x03 | (SensControl<<ISC00);
    }
    else if(InterruptNumber == Exti1)
     260:	89 81       	ldd	r24, Y+1	; 0x01
     262:	81 30       	cpi	r24, 0x01	; 1
     264:	99 f4       	brne	.+38     	; 0x28c <EXTI_Init+0x5c>
    {
        MCUCR_Reg = MCUCR_Reg&~0x0C | (SensControl<<ISC10);
     266:	85 e5       	ldi	r24, 0x55	; 85
     268:	90 e0       	ldi	r25, 0x00	; 0
     26a:	fc 01       	movw	r30, r24
     26c:	80 81       	ld	r24, Z
     26e:	28 2f       	mov	r18, r24
     270:	23 7f       	andi	r18, 0xF3	; 243
     272:	8a 81       	ldd	r24, Y+2	; 0x02
     274:	88 2f       	mov	r24, r24
     276:	90 e0       	ldi	r25, 0x00	; 0
     278:	88 0f       	add	r24, r24
     27a:	99 1f       	adc	r25, r25
     27c:	88 0f       	add	r24, r24
     27e:	99 1f       	adc	r25, r25
     280:	28 2b       	or	r18, r24
     282:	85 e5       	ldi	r24, 0x55	; 85
     284:	90 e0       	ldi	r25, 0x00	; 0
     286:	fc 01       	movw	r30, r24
     288:	20 83       	st	Z, r18
    else if(InterruptNumber == Exti2)
    {
        MCUCSR_Reg = MCUCR_Reg&~0x40 | (SensControl<<ISC2);

    }
}
     28a:	1b c0       	rjmp	.+54     	; 0x2c2 <EXTI_Init+0x92>
    }
    else if(InterruptNumber == Exti1)
    {
        MCUCR_Reg = MCUCR_Reg&~0x0C | (SensControl<<ISC10);
    }
    else if(InterruptNumber == Exti2)
     28c:	89 81       	ldd	r24, Y+1	; 0x01
     28e:	82 30       	cpi	r24, 0x02	; 2
     290:	c1 f4       	brne	.+48     	; 0x2c2 <EXTI_Init+0x92>
    {
        MCUCSR_Reg = MCUCR_Reg&~0x40 | (SensControl<<ISC2);
     292:	85 e5       	ldi	r24, 0x55	; 85
     294:	90 e0       	ldi	r25, 0x00	; 0
     296:	fc 01       	movw	r30, r24
     298:	80 81       	ld	r24, Z
     29a:	48 2f       	mov	r20, r24
     29c:	4f 7b       	andi	r20, 0xBF	; 191
     29e:	8a 81       	ldd	r24, Y+2	; 0x02
     2a0:	88 2f       	mov	r24, r24
     2a2:	90 e0       	ldi	r25, 0x00	; 0
     2a4:	38 2f       	mov	r19, r24
     2a6:	36 95       	lsr	r19
     2a8:	36 95       	lsr	r19
     2aa:	28 2f       	mov	r18, r24
     2ac:	22 95       	swap	r18
     2ae:	22 0f       	add	r18, r18
     2b0:	22 0f       	add	r18, r18
     2b2:	20 7c       	andi	r18, 0xC0	; 192
     2b4:	82 2f       	mov	r24, r18
     2b6:	24 2f       	mov	r18, r20
     2b8:	28 2b       	or	r18, r24
     2ba:	84 e5       	ldi	r24, 0x54	; 84
     2bc:	90 e0       	ldi	r25, 0x00	; 0
     2be:	fc 01       	movw	r30, r24
     2c0:	20 83       	st	Z, r18

    }
}
     2c2:	00 00       	nop
     2c4:	0f 90       	pop	r0
     2c6:	0f 90       	pop	r0
     2c8:	df 91       	pop	r29
     2ca:	cf 91       	pop	r28
     2cc:	08 95       	ret

000002ce <EXTI_Enable>:

void EXTI_Enable(uint8_t InterruptNumber)
{
     2ce:	cf 93       	push	r28
     2d0:	df 93       	push	r29
     2d2:	1f 92       	push	r1
     2d4:	cd b7       	in	r28, 0x3d	; 61
     2d6:	de b7       	in	r29, 0x3e	; 62
     2d8:	89 83       	std	Y+1, r24	; 0x01
    if(InterruptNumber==Exti0)
     2da:	89 81       	ldd	r24, Y+1	; 0x01
     2dc:	88 23       	and	r24, r24
     2de:	51 f4       	brne	.+20     	; 0x2f4 <EXTI_Enable+0x26>
    {
        SetBit(GICR_Reg,INT0);
     2e0:	8b e5       	ldi	r24, 0x5B	; 91
     2e2:	90 e0       	ldi	r25, 0x00	; 0
     2e4:	fc 01       	movw	r30, r24
     2e6:	20 81       	ld	r18, Z
     2e8:	8b e5       	ldi	r24, 0x5B	; 91
     2ea:	90 e0       	ldi	r25, 0x00	; 0
     2ec:	20 64       	ori	r18, 0x40	; 64
     2ee:	fc 01       	movw	r30, r24
     2f0:	20 83       	st	Z, r18
    }
    else if (InterruptNumber==Exti2)
    {
        SetBit(GICR_Reg,INT2);
    }
}
     2f2:	19 c0       	rjmp	.+50     	; 0x326 <EXTI_Enable+0x58>
{
    if(InterruptNumber==Exti0)
    {
        SetBit(GICR_Reg,INT0);
    }
    else if (InterruptNumber==Exti1)
     2f4:	89 81       	ldd	r24, Y+1	; 0x01
     2f6:	81 30       	cpi	r24, 0x01	; 1
     2f8:	51 f4       	brne	.+20     	; 0x30e <EXTI_Enable+0x40>
    {
        SetBit(GICR_Reg,INT1);
     2fa:	8b e5       	ldi	r24, 0x5B	; 91
     2fc:	90 e0       	ldi	r25, 0x00	; 0
     2fe:	fc 01       	movw	r30, r24
     300:	20 81       	ld	r18, Z
     302:	8b e5       	ldi	r24, 0x5B	; 91
     304:	90 e0       	ldi	r25, 0x00	; 0
     306:	20 68       	ori	r18, 0x80	; 128
     308:	fc 01       	movw	r30, r24
     30a:	20 83       	st	Z, r18
    }
    else if (InterruptNumber==Exti2)
    {
        SetBit(GICR_Reg,INT2);
    }
}
     30c:	0c c0       	rjmp	.+24     	; 0x326 <EXTI_Enable+0x58>
    }
    else if (InterruptNumber==Exti1)
    {
        SetBit(GICR_Reg,INT1);
    }
    else if (InterruptNumber==Exti2)
     30e:	89 81       	ldd	r24, Y+1	; 0x01
     310:	82 30       	cpi	r24, 0x02	; 2
     312:	49 f4       	brne	.+18     	; 0x326 <EXTI_Enable+0x58>
    {
        SetBit(GICR_Reg,INT2);
     314:	8b e5       	ldi	r24, 0x5B	; 91
     316:	90 e0       	ldi	r25, 0x00	; 0
     318:	fc 01       	movw	r30, r24
     31a:	20 81       	ld	r18, Z
     31c:	8b e5       	ldi	r24, 0x5B	; 91
     31e:	90 e0       	ldi	r25, 0x00	; 0
     320:	20 62       	ori	r18, 0x20	; 32
     322:	fc 01       	movw	r30, r24
     324:	20 83       	st	Z, r18
    }
}
     326:	00 00       	nop
     328:	0f 90       	pop	r0
     32a:	df 91       	pop	r29
     32c:	cf 91       	pop	r28
     32e:	08 95       	ret

00000330 <EXTI_Disable>:

void EXTI_Disable(uint8_t InterruptNumber)
{
     330:	cf 93       	push	r28
     332:	df 93       	push	r29
     334:	1f 92       	push	r1
     336:	cd b7       	in	r28, 0x3d	; 61
     338:	de b7       	in	r29, 0x3e	; 62
     33a:	89 83       	std	Y+1, r24	; 0x01
    if(InterruptNumber==Exti0)
     33c:	89 81       	ldd	r24, Y+1	; 0x01
     33e:	88 23       	and	r24, r24
     340:	51 f4       	brne	.+20     	; 0x356 <EXTI_Disable+0x26>
    {
        ClearBit(GICR_Reg,INT0);
     342:	8b e5       	ldi	r24, 0x5B	; 91
     344:	90 e0       	ldi	r25, 0x00	; 0
     346:	fc 01       	movw	r30, r24
     348:	20 81       	ld	r18, Z
     34a:	8b e5       	ldi	r24, 0x5B	; 91
     34c:	90 e0       	ldi	r25, 0x00	; 0
     34e:	2f 7b       	andi	r18, 0xBF	; 191
     350:	fc 01       	movw	r30, r24
     352:	20 83       	st	Z, r18
    }
    else if (InterruptNumber==Exti2)
    {
        ClearBit(GICR_Reg,INT2);
    }
}
     354:	19 c0       	rjmp	.+50     	; 0x388 <EXTI_Disable+0x58>
{
    if(InterruptNumber==Exti0)
    {
        ClearBit(GICR_Reg,INT0);
    }
    else if (InterruptNumber==Exti1)
     356:	89 81       	ldd	r24, Y+1	; 0x01
     358:	81 30       	cpi	r24, 0x01	; 1
     35a:	51 f4       	brne	.+20     	; 0x370 <EXTI_Disable+0x40>
    {
        ClearBit(GICR_Reg,INT1);
     35c:	8b e5       	ldi	r24, 0x5B	; 91
     35e:	90 e0       	ldi	r25, 0x00	; 0
     360:	fc 01       	movw	r30, r24
     362:	20 81       	ld	r18, Z
     364:	8b e5       	ldi	r24, 0x5B	; 91
     366:	90 e0       	ldi	r25, 0x00	; 0
     368:	2f 77       	andi	r18, 0x7F	; 127
     36a:	fc 01       	movw	r30, r24
     36c:	20 83       	st	Z, r18
    }
    else if (InterruptNumber==Exti2)
    {
        ClearBit(GICR_Reg,INT2);
    }
}
     36e:	0c c0       	rjmp	.+24     	; 0x388 <EXTI_Disable+0x58>
    }
    else if (InterruptNumber==Exti1)
    {
        ClearBit(GICR_Reg,INT1);
    }
    else if (InterruptNumber==Exti2)
     370:	89 81       	ldd	r24, Y+1	; 0x01
     372:	82 30       	cpi	r24, 0x02	; 2
     374:	49 f4       	brne	.+18     	; 0x388 <EXTI_Disable+0x58>
    {
        ClearBit(GICR_Reg,INT2);
     376:	8b e5       	ldi	r24, 0x5B	; 91
     378:	90 e0       	ldi	r25, 0x00	; 0
     37a:	fc 01       	movw	r30, r24
     37c:	20 81       	ld	r18, Z
     37e:	8b e5       	ldi	r24, 0x5B	; 91
     380:	90 e0       	ldi	r25, 0x00	; 0
     382:	2f 7d       	andi	r18, 0xDF	; 223
     384:	fc 01       	movw	r30, r24
     386:	20 83       	st	Z, r18
    }
}
     388:	00 00       	nop
     38a:	0f 90       	pop	r0
     38c:	df 91       	pop	r29
     38e:	cf 91       	pop	r28
     390:	08 95       	ret

00000392 <EXTI_CallBackFunction>:
static void (*GINT1)(void)=NULL;
static void (*GINT2)(void)=NULL;

/*CallBacks*/
void EXTI_CallBackFunction(uint8_t InterruptNumber , void (*PF)(void))
{
     392:	cf 93       	push	r28
     394:	df 93       	push	r29
     396:	00 d0       	rcall	.+0      	; 0x398 <EXTI_CallBackFunction+0x6>
     398:	1f 92       	push	r1
     39a:	cd b7       	in	r28, 0x3d	; 61
     39c:	de b7       	in	r29, 0x3e	; 62
     39e:	89 83       	std	Y+1, r24	; 0x01
     3a0:	7b 83       	std	Y+3, r23	; 0x03
     3a2:	6a 83       	std	Y+2, r22	; 0x02
    if(PF==NULL)
     3a4:	8a 81       	ldd	r24, Y+2	; 0x02
     3a6:	9b 81       	ldd	r25, Y+3	; 0x03
     3a8:	89 2b       	or	r24, r25
     3aa:	f1 f0       	breq	.+60     	; 0x3e8 <EXTI_CallBackFunction+0x56>
    {
        return  ; 
    }
    if(InterruptNumber==Exti0)
     3ac:	89 81       	ldd	r24, Y+1	; 0x01
     3ae:	88 23       	and	r24, r24
     3b0:	39 f4       	brne	.+14     	; 0x3c0 <EXTI_CallBackFunction+0x2e>
    {
        GINT0=PF;
     3b2:	8a 81       	ldd	r24, Y+2	; 0x02
     3b4:	9b 81       	ldd	r25, Y+3	; 0x03
     3b6:	90 93 83 00 	sts	0x0083, r25	; 0x800083 <GINT0+0x1>
     3ba:	80 93 82 00 	sts	0x0082, r24	; 0x800082 <GINT0>
     3be:	15 c0       	rjmp	.+42     	; 0x3ea <EXTI_CallBackFunction+0x58>
    }
    else if(InterruptNumber==Exti1)
     3c0:	89 81       	ldd	r24, Y+1	; 0x01
     3c2:	81 30       	cpi	r24, 0x01	; 1
     3c4:	39 f4       	brne	.+14     	; 0x3d4 <EXTI_CallBackFunction+0x42>
    {
        GINT1=PF;
     3c6:	8a 81       	ldd	r24, Y+2	; 0x02
     3c8:	9b 81       	ldd	r25, Y+3	; 0x03
     3ca:	90 93 85 00 	sts	0x0085, r25	; 0x800085 <GINT1+0x1>
     3ce:	80 93 84 00 	sts	0x0084, r24	; 0x800084 <GINT1>
     3d2:	0b c0       	rjmp	.+22     	; 0x3ea <EXTI_CallBackFunction+0x58>
    }
    else if(InterruptNumber==Exti2)
     3d4:	89 81       	ldd	r24, Y+1	; 0x01
     3d6:	82 30       	cpi	r24, 0x02	; 2
     3d8:	41 f4       	brne	.+16     	; 0x3ea <EXTI_CallBackFunction+0x58>
    {
        GINT2=PF;
     3da:	8a 81       	ldd	r24, Y+2	; 0x02
     3dc:	9b 81       	ldd	r25, Y+3	; 0x03
     3de:	90 93 87 00 	sts	0x0087, r25	; 0x800087 <GINT2+0x1>
     3e2:	80 93 86 00 	sts	0x0086, r24	; 0x800086 <GINT2>
     3e6:	01 c0       	rjmp	.+2      	; 0x3ea <EXTI_CallBackFunction+0x58>
/*CallBacks*/
void EXTI_CallBackFunction(uint8_t InterruptNumber , void (*PF)(void))
{
    if(PF==NULL)
    {
        return  ; 
     3e8:	00 00       	nop
    }
    else if(InterruptNumber==Exti2)
    {
        GINT2=PF;
    }
}
     3ea:	0f 90       	pop	r0
     3ec:	0f 90       	pop	r0
     3ee:	0f 90       	pop	r0
     3f0:	df 91       	pop	r29
     3f2:	cf 91       	pop	r28
     3f4:	08 95       	ret

000003f6 <__vector_1>:

void __vector_1() __attribute__((signal));
void __vector_1()
{
     3f6:	1f 92       	push	r1
     3f8:	0f 92       	push	r0
     3fa:	0f b6       	in	r0, 0x3f	; 63
     3fc:	0f 92       	push	r0
     3fe:	11 24       	eor	r1, r1
     400:	2f 93       	push	r18
     402:	3f 93       	push	r19
     404:	4f 93       	push	r20
     406:	5f 93       	push	r21
     408:	6f 93       	push	r22
     40a:	7f 93       	push	r23
     40c:	8f 93       	push	r24
     40e:	9f 93       	push	r25
     410:	af 93       	push	r26
     412:	bf 93       	push	r27
     414:	ef 93       	push	r30
     416:	ff 93       	push	r31
     418:	cf 93       	push	r28
     41a:	df 93       	push	r29
     41c:	cd b7       	in	r28, 0x3d	; 61
     41e:	de b7       	in	r29, 0x3e	; 62
    if(GINT0!=NULL)
     420:	80 91 82 00 	lds	r24, 0x0082	; 0x800082 <GINT0>
     424:	90 91 83 00 	lds	r25, 0x0083	; 0x800083 <GINT0+0x1>
     428:	89 2b       	or	r24, r25
     42a:	31 f0       	breq	.+12     	; 0x438 <__EEPROM_REGION_LENGTH__+0x38>
    {
        GINT0();
     42c:	80 91 82 00 	lds	r24, 0x0082	; 0x800082 <GINT0>
     430:	90 91 83 00 	lds	r25, 0x0083	; 0x800083 <GINT0+0x1>
     434:	fc 01       	movw	r30, r24
     436:	09 95       	icall
    }
}
     438:	00 00       	nop
     43a:	df 91       	pop	r29
     43c:	cf 91       	pop	r28
     43e:	ff 91       	pop	r31
     440:	ef 91       	pop	r30
     442:	bf 91       	pop	r27
     444:	af 91       	pop	r26
     446:	9f 91       	pop	r25
     448:	8f 91       	pop	r24
     44a:	7f 91       	pop	r23
     44c:	6f 91       	pop	r22
     44e:	5f 91       	pop	r21
     450:	4f 91       	pop	r20
     452:	3f 91       	pop	r19
     454:	2f 91       	pop	r18
     456:	0f 90       	pop	r0
     458:	0f be       	out	0x3f, r0	; 63
     45a:	0f 90       	pop	r0
     45c:	1f 90       	pop	r1
     45e:	18 95       	reti

00000460 <__vector_2>:
void __vector_2() __attribute__((signal));
void __vector_2()
{
     460:	1f 92       	push	r1
     462:	0f 92       	push	r0
     464:	0f b6       	in	r0, 0x3f	; 63
     466:	0f 92       	push	r0
     468:	11 24       	eor	r1, r1
     46a:	2f 93       	push	r18
     46c:	3f 93       	push	r19
     46e:	4f 93       	push	r20
     470:	5f 93       	push	r21
     472:	6f 93       	push	r22
     474:	7f 93       	push	r23
     476:	8f 93       	push	r24
     478:	9f 93       	push	r25
     47a:	af 93       	push	r26
     47c:	bf 93       	push	r27
     47e:	ef 93       	push	r30
     480:	ff 93       	push	r31
     482:	cf 93       	push	r28
     484:	df 93       	push	r29
     486:	cd b7       	in	r28, 0x3d	; 61
     488:	de b7       	in	r29, 0x3e	; 62
    if(GINT1!=NULL)
     48a:	80 91 84 00 	lds	r24, 0x0084	; 0x800084 <GINT1>
     48e:	90 91 85 00 	lds	r25, 0x0085	; 0x800085 <GINT1+0x1>
     492:	89 2b       	or	r24, r25
     494:	31 f0       	breq	.+12     	; 0x4a2 <__vector_2+0x42>
    {
        GINT1();
     496:	80 91 84 00 	lds	r24, 0x0084	; 0x800084 <GINT1>
     49a:	90 91 85 00 	lds	r25, 0x0085	; 0x800085 <GINT1+0x1>
     49e:	fc 01       	movw	r30, r24
     4a0:	09 95       	icall
    }
}
     4a2:	00 00       	nop
     4a4:	df 91       	pop	r29
     4a6:	cf 91       	pop	r28
     4a8:	ff 91       	pop	r31
     4aa:	ef 91       	pop	r30
     4ac:	bf 91       	pop	r27
     4ae:	af 91       	pop	r26
     4b0:	9f 91       	pop	r25
     4b2:	8f 91       	pop	r24
     4b4:	7f 91       	pop	r23
     4b6:	6f 91       	pop	r22
     4b8:	5f 91       	pop	r21
     4ba:	4f 91       	pop	r20
     4bc:	3f 91       	pop	r19
     4be:	2f 91       	pop	r18
     4c0:	0f 90       	pop	r0
     4c2:	0f be       	out	0x3f, r0	; 63
     4c4:	0f 90       	pop	r0
     4c6:	1f 90       	pop	r1
     4c8:	18 95       	reti

000004ca <__vector_3>:
void __vector_3() __attribute__((signal));
void __vector_3()
{
     4ca:	1f 92       	push	r1
     4cc:	0f 92       	push	r0
     4ce:	0f b6       	in	r0, 0x3f	; 63
     4d0:	0f 92       	push	r0
     4d2:	11 24       	eor	r1, r1
     4d4:	2f 93       	push	r18
     4d6:	3f 93       	push	r19
     4d8:	4f 93       	push	r20
     4da:	5f 93       	push	r21
     4dc:	6f 93       	push	r22
     4de:	7f 93       	push	r23
     4e0:	8f 93       	push	r24
     4e2:	9f 93       	push	r25
     4e4:	af 93       	push	r26
     4e6:	bf 93       	push	r27
     4e8:	ef 93       	push	r30
     4ea:	ff 93       	push	r31
     4ec:	cf 93       	push	r28
     4ee:	df 93       	push	r29
     4f0:	cd b7       	in	r28, 0x3d	; 61
     4f2:	de b7       	in	r29, 0x3e	; 62
    if(GINT2!=NULL)
     4f4:	80 91 86 00 	lds	r24, 0x0086	; 0x800086 <GINT2>
     4f8:	90 91 87 00 	lds	r25, 0x0087	; 0x800087 <GINT2+0x1>
     4fc:	89 2b       	or	r24, r25
     4fe:	31 f0       	breq	.+12     	; 0x50c <__vector_3+0x42>
    {
        GINT2();
     500:	80 91 86 00 	lds	r24, 0x0086	; 0x800086 <GINT2>
     504:	90 91 87 00 	lds	r25, 0x0087	; 0x800087 <GINT2+0x1>
     508:	fc 01       	movw	r30, r24
     50a:	09 95       	icall
    }
}
     50c:	00 00       	nop
     50e:	df 91       	pop	r29
     510:	cf 91       	pop	r28
     512:	ff 91       	pop	r31
     514:	ef 91       	pop	r30
     516:	bf 91       	pop	r27
     518:	af 91       	pop	r26
     51a:	9f 91       	pop	r25
     51c:	8f 91       	pop	r24
     51e:	7f 91       	pop	r23
     520:	6f 91       	pop	r22
     522:	5f 91       	pop	r21
     524:	4f 91       	pop	r20
     526:	3f 91       	pop	r19
     528:	2f 91       	pop	r18
     52a:	0f 90       	pop	r0
     52c:	0f be       	out	0x3f, r0	; 63
     52e:	0f 90       	pop	r0
     530:	1f 90       	pop	r1
     532:	18 95       	reti

00000534 <DIO_DirectionSelectForPin>:
 */


#include "DIO_Interface.h"
void DIO_DirectionSelectForPin(uint8_t GroupName ,uint8_t PinNo ,uint8_t DirectionState )
{
     534:	cf 93       	push	r28
     536:	df 93       	push	r29
     538:	00 d0       	rcall	.+0      	; 0x53a <DIO_DirectionSelectForPin+0x6>
     53a:	1f 92       	push	r1
     53c:	cd b7       	in	r28, 0x3d	; 61
     53e:	de b7       	in	r29, 0x3e	; 62
     540:	89 83       	std	Y+1, r24	; 0x01
     542:	6a 83       	std	Y+2, r22	; 0x02
     544:	4b 83       	std	Y+3, r20	; 0x03
    if(PinNo<=DIO_Pin7)
     546:	8a 81       	ldd	r24, Y+2	; 0x02
     548:	88 30       	cpi	r24, 0x08	; 8
     54a:	08 f0       	brcs	.+2      	; 0x54e <DIO_DirectionSelectForPin+0x1a>
     54c:	e2 c0       	rjmp	.+452    	; 0x712 <DIO_DirectionSelectForPin+0x1de>
        {
            if(DirectionState==DIO_Output)
     54e:	8b 81       	ldd	r24, Y+3	; 0x03
     550:	81 30       	cpi	r24, 0x01	; 1
     552:	09 f0       	breq	.+2      	; 0x556 <DIO_DirectionSelectForPin+0x22>
     554:	6b c0       	rjmp	.+214    	; 0x62c <DIO_DirectionSelectForPin+0xf8>
            {
                switch(GroupName)
     556:	89 81       	ldd	r24, Y+1	; 0x01
     558:	88 2f       	mov	r24, r24
     55a:	90 e0       	ldi	r25, 0x00	; 0
     55c:	82 30       	cpi	r24, 0x02	; 2
     55e:	91 05       	cpc	r25, r1
     560:	19 f1       	breq	.+70     	; 0x5a8 <DIO_DirectionSelectForPin+0x74>
     562:	83 30       	cpi	r24, 0x03	; 3
     564:	91 05       	cpc	r25, r1
     566:	1c f4       	brge	.+6      	; 0x56e <DIO_DirectionSelectForPin+0x3a>
     568:	01 97       	sbiw	r24, 0x01	; 1
     56a:	41 f0       	breq	.+16     	; 0x57c <DIO_DirectionSelectForPin+0x48>
                {
                    case DIO_GroupA: SetBit(DDRA_Reg,PinNo);break;
                    case DIO_GroupB: SetBit(DDRB_Reg,PinNo);break;
                    case DIO_GroupC: SetBit(DDRC_Reg,PinNo);break;
                    case DIO_GroupD: SetBit(DDRD_Reg,PinNo);break;
                    default : break; /*Error Code Wrong GroupName*/
     56c:	d2 c0       	rjmp	.+420    	; 0x712 <DIO_DirectionSelectForPin+0x1de>
{
    if(PinNo<=DIO_Pin7)
        {
            if(DirectionState==DIO_Output)
            {
                switch(GroupName)
     56e:	83 30       	cpi	r24, 0x03	; 3
     570:	91 05       	cpc	r25, r1
     572:	81 f1       	breq	.+96     	; 0x5d4 <DIO_DirectionSelectForPin+0xa0>
     574:	04 97       	sbiw	r24, 0x04	; 4
     576:	09 f4       	brne	.+2      	; 0x57a <DIO_DirectionSelectForPin+0x46>
     578:	43 c0       	rjmp	.+134    	; 0x600 <DIO_DirectionSelectForPin+0xcc>
                {
                    case DIO_GroupA: SetBit(DDRA_Reg,PinNo);break;
                    case DIO_GroupB: SetBit(DDRB_Reg,PinNo);break;
                    case DIO_GroupC: SetBit(DDRC_Reg,PinNo);break;
                    case DIO_GroupD: SetBit(DDRD_Reg,PinNo);break;
                    default : break; /*Error Code Wrong GroupName*/
     57a:	cb c0       	rjmp	.+406    	; 0x712 <DIO_DirectionSelectForPin+0x1de>
        {
            if(DirectionState==DIO_Output)
            {
                switch(GroupName)
                {
                    case DIO_GroupA: SetBit(DDRA_Reg,PinNo);break;
     57c:	8a e3       	ldi	r24, 0x3A	; 58
     57e:	90 e0       	ldi	r25, 0x00	; 0
     580:	fc 01       	movw	r30, r24
     582:	80 81       	ld	r24, Z
     584:	48 2f       	mov	r20, r24
     586:	8a 81       	ldd	r24, Y+2	; 0x02
     588:	28 2f       	mov	r18, r24
     58a:	30 e0       	ldi	r19, 0x00	; 0
     58c:	81 e0       	ldi	r24, 0x01	; 1
     58e:	90 e0       	ldi	r25, 0x00	; 0
     590:	02 c0       	rjmp	.+4      	; 0x596 <DIO_DirectionSelectForPin+0x62>
     592:	88 0f       	add	r24, r24
     594:	99 1f       	adc	r25, r25
     596:	2a 95       	dec	r18
     598:	e2 f7       	brpl	.-8      	; 0x592 <DIO_DirectionSelectForPin+0x5e>
     59a:	24 2f       	mov	r18, r20
     59c:	28 2b       	or	r18, r24
     59e:	8a e3       	ldi	r24, 0x3A	; 58
     5a0:	90 e0       	ldi	r25, 0x00	; 0
     5a2:	fc 01       	movw	r30, r24
     5a4:	20 83       	st	Z, r18
     5a6:	b5 c0       	rjmp	.+362    	; 0x712 <DIO_DirectionSelectForPin+0x1de>
                    case DIO_GroupB: SetBit(DDRB_Reg,PinNo);break;
     5a8:	87 e3       	ldi	r24, 0x37	; 55
     5aa:	90 e0       	ldi	r25, 0x00	; 0
     5ac:	fc 01       	movw	r30, r24
     5ae:	80 81       	ld	r24, Z
     5b0:	48 2f       	mov	r20, r24
     5b2:	8a 81       	ldd	r24, Y+2	; 0x02
     5b4:	28 2f       	mov	r18, r24
     5b6:	30 e0       	ldi	r19, 0x00	; 0
     5b8:	81 e0       	ldi	r24, 0x01	; 1
     5ba:	90 e0       	ldi	r25, 0x00	; 0
     5bc:	02 c0       	rjmp	.+4      	; 0x5c2 <DIO_DirectionSelectForPin+0x8e>
     5be:	88 0f       	add	r24, r24
     5c0:	99 1f       	adc	r25, r25
     5c2:	2a 95       	dec	r18
     5c4:	e2 f7       	brpl	.-8      	; 0x5be <DIO_DirectionSelectForPin+0x8a>
     5c6:	24 2f       	mov	r18, r20
     5c8:	28 2b       	or	r18, r24
     5ca:	87 e3       	ldi	r24, 0x37	; 55
     5cc:	90 e0       	ldi	r25, 0x00	; 0
     5ce:	fc 01       	movw	r30, r24
     5d0:	20 83       	st	Z, r18
     5d2:	9f c0       	rjmp	.+318    	; 0x712 <DIO_DirectionSelectForPin+0x1de>
                    case DIO_GroupC: SetBit(DDRC_Reg,PinNo);break;
     5d4:	84 e3       	ldi	r24, 0x34	; 52
     5d6:	90 e0       	ldi	r25, 0x00	; 0
     5d8:	fc 01       	movw	r30, r24
     5da:	80 81       	ld	r24, Z
     5dc:	48 2f       	mov	r20, r24
     5de:	8a 81       	ldd	r24, Y+2	; 0x02
     5e0:	28 2f       	mov	r18, r24
     5e2:	30 e0       	ldi	r19, 0x00	; 0
     5e4:	81 e0       	ldi	r24, 0x01	; 1
     5e6:	90 e0       	ldi	r25, 0x00	; 0
     5e8:	02 c0       	rjmp	.+4      	; 0x5ee <DIO_DirectionSelectForPin+0xba>
     5ea:	88 0f       	add	r24, r24
     5ec:	99 1f       	adc	r25, r25
     5ee:	2a 95       	dec	r18
     5f0:	e2 f7       	brpl	.-8      	; 0x5ea <DIO_DirectionSelectForPin+0xb6>
     5f2:	24 2f       	mov	r18, r20
     5f4:	28 2b       	or	r18, r24
     5f6:	84 e3       	ldi	r24, 0x34	; 52
     5f8:	90 e0       	ldi	r25, 0x00	; 0
     5fa:	fc 01       	movw	r30, r24
     5fc:	20 83       	st	Z, r18
     5fe:	89 c0       	rjmp	.+274    	; 0x712 <DIO_DirectionSelectForPin+0x1de>
                    case DIO_GroupD: SetBit(DDRD_Reg,PinNo);break;
     600:	81 e3       	ldi	r24, 0x31	; 49
     602:	90 e0       	ldi	r25, 0x00	; 0
     604:	fc 01       	movw	r30, r24
     606:	80 81       	ld	r24, Z
     608:	48 2f       	mov	r20, r24
     60a:	8a 81       	ldd	r24, Y+2	; 0x02
     60c:	28 2f       	mov	r18, r24
     60e:	30 e0       	ldi	r19, 0x00	; 0
     610:	81 e0       	ldi	r24, 0x01	; 1
     612:	90 e0       	ldi	r25, 0x00	; 0
     614:	02 c0       	rjmp	.+4      	; 0x61a <DIO_DirectionSelectForPin+0xe6>
     616:	88 0f       	add	r24, r24
     618:	99 1f       	adc	r25, r25
     61a:	2a 95       	dec	r18
     61c:	e2 f7       	brpl	.-8      	; 0x616 <DIO_DirectionSelectForPin+0xe2>
     61e:	24 2f       	mov	r18, r20
     620:	28 2b       	or	r18, r24
     622:	81 e3       	ldi	r24, 0x31	; 49
     624:	90 e0       	ldi	r25, 0x00	; 0
     626:	fc 01       	movw	r30, r24
     628:	20 83       	st	Z, r18
     62a:	73 c0       	rjmp	.+230    	; 0x712 <DIO_DirectionSelectForPin+0x1de>
                    default : break; /*Error Code Wrong GroupName*/
                }
            }
            else if (DirectionState==DIO_Input)
     62c:	8b 81       	ldd	r24, Y+3	; 0x03
     62e:	88 23       	and	r24, r24
     630:	09 f0       	breq	.+2      	; 0x634 <DIO_DirectionSelectForPin+0x100>
     632:	6f c0       	rjmp	.+222    	; 0x712 <DIO_DirectionSelectForPin+0x1de>
            {
                switch(GroupName)
     634:	89 81       	ldd	r24, Y+1	; 0x01
     636:	88 2f       	mov	r24, r24
     638:	90 e0       	ldi	r25, 0x00	; 0
     63a:	82 30       	cpi	r24, 0x02	; 2
     63c:	91 05       	cpc	r25, r1
     63e:	21 f1       	breq	.+72     	; 0x688 <DIO_DirectionSelectForPin+0x154>
     640:	83 30       	cpi	r24, 0x03	; 3
     642:	91 05       	cpc	r25, r1
     644:	1c f4       	brge	.+6      	; 0x64c <DIO_DirectionSelectForPin+0x118>
     646:	01 97       	sbiw	r24, 0x01	; 1
     648:	41 f0       	breq	.+16     	; 0x65a <DIO_DirectionSelectForPin+0x126>
                {
                    case DIO_GroupA: ClearBit(DDRA_Reg,PinNo);break;
                    case DIO_GroupB: ClearBit(DDRB_Reg,PinNo);break;
                    case DIO_GroupC: ClearBit(DDRC_Reg,PinNo);break;
                    case DIO_GroupD: ClearBit(DDRD_Reg,PinNo);break;
                    default : break; /*Error Code Wrong GroupName*/
     64a:	63 c0       	rjmp	.+198    	; 0x712 <DIO_DirectionSelectForPin+0x1de>
                    default : break; /*Error Code Wrong GroupName*/
                }
            }
            else if (DirectionState==DIO_Input)
            {
                switch(GroupName)
     64c:	83 30       	cpi	r24, 0x03	; 3
     64e:	91 05       	cpc	r25, r1
     650:	91 f1       	breq	.+100    	; 0x6b6 <DIO_DirectionSelectForPin+0x182>
     652:	04 97       	sbiw	r24, 0x04	; 4
     654:	09 f4       	brne	.+2      	; 0x658 <DIO_DirectionSelectForPin+0x124>
     656:	46 c0       	rjmp	.+140    	; 0x6e4 <DIO_DirectionSelectForPin+0x1b0>
                {
                    case DIO_GroupA: ClearBit(DDRA_Reg,PinNo);break;
                    case DIO_GroupB: ClearBit(DDRB_Reg,PinNo);break;
                    case DIO_GroupC: ClearBit(DDRC_Reg,PinNo);break;
                    case DIO_GroupD: ClearBit(DDRD_Reg,PinNo);break;
                    default : break; /*Error Code Wrong GroupName*/
     658:	5c c0       	rjmp	.+184    	; 0x712 <DIO_DirectionSelectForPin+0x1de>
            }
            else if (DirectionState==DIO_Input)
            {
                switch(GroupName)
                {
                    case DIO_GroupA: ClearBit(DDRA_Reg,PinNo);break;
     65a:	8a e3       	ldi	r24, 0x3A	; 58
     65c:	90 e0       	ldi	r25, 0x00	; 0
     65e:	fc 01       	movw	r30, r24
     660:	80 81       	ld	r24, Z
     662:	48 2f       	mov	r20, r24
     664:	8a 81       	ldd	r24, Y+2	; 0x02
     666:	28 2f       	mov	r18, r24
     668:	30 e0       	ldi	r19, 0x00	; 0
     66a:	81 e0       	ldi	r24, 0x01	; 1
     66c:	90 e0       	ldi	r25, 0x00	; 0
     66e:	02 c0       	rjmp	.+4      	; 0x674 <DIO_DirectionSelectForPin+0x140>
     670:	88 0f       	add	r24, r24
     672:	99 1f       	adc	r25, r25
     674:	2a 95       	dec	r18
     676:	e2 f7       	brpl	.-8      	; 0x670 <DIO_DirectionSelectForPin+0x13c>
     678:	80 95       	com	r24
     67a:	24 2f       	mov	r18, r20
     67c:	28 23       	and	r18, r24
     67e:	8a e3       	ldi	r24, 0x3A	; 58
     680:	90 e0       	ldi	r25, 0x00	; 0
     682:	fc 01       	movw	r30, r24
     684:	20 83       	st	Z, r18
     686:	45 c0       	rjmp	.+138    	; 0x712 <DIO_DirectionSelectForPin+0x1de>
                    case DIO_GroupB: ClearBit(DDRB_Reg,PinNo);break;
     688:	87 e3       	ldi	r24, 0x37	; 55
     68a:	90 e0       	ldi	r25, 0x00	; 0
     68c:	fc 01       	movw	r30, r24
     68e:	80 81       	ld	r24, Z
     690:	48 2f       	mov	r20, r24
     692:	8a 81       	ldd	r24, Y+2	; 0x02
     694:	28 2f       	mov	r18, r24
     696:	30 e0       	ldi	r19, 0x00	; 0
     698:	81 e0       	ldi	r24, 0x01	; 1
     69a:	90 e0       	ldi	r25, 0x00	; 0
     69c:	02 c0       	rjmp	.+4      	; 0x6a2 <DIO_DirectionSelectForPin+0x16e>
     69e:	88 0f       	add	r24, r24
     6a0:	99 1f       	adc	r25, r25
     6a2:	2a 95       	dec	r18
     6a4:	e2 f7       	brpl	.-8      	; 0x69e <DIO_DirectionSelectForPin+0x16a>
     6a6:	80 95       	com	r24
     6a8:	24 2f       	mov	r18, r20
     6aa:	28 23       	and	r18, r24
     6ac:	87 e3       	ldi	r24, 0x37	; 55
     6ae:	90 e0       	ldi	r25, 0x00	; 0
     6b0:	fc 01       	movw	r30, r24
     6b2:	20 83       	st	Z, r18
     6b4:	2e c0       	rjmp	.+92     	; 0x712 <DIO_DirectionSelectForPin+0x1de>
                    case DIO_GroupC: ClearBit(DDRC_Reg,PinNo);break;
     6b6:	84 e3       	ldi	r24, 0x34	; 52
     6b8:	90 e0       	ldi	r25, 0x00	; 0
     6ba:	fc 01       	movw	r30, r24
     6bc:	80 81       	ld	r24, Z
     6be:	48 2f       	mov	r20, r24
     6c0:	8a 81       	ldd	r24, Y+2	; 0x02
     6c2:	28 2f       	mov	r18, r24
     6c4:	30 e0       	ldi	r19, 0x00	; 0
     6c6:	81 e0       	ldi	r24, 0x01	; 1
     6c8:	90 e0       	ldi	r25, 0x00	; 0
     6ca:	02 c0       	rjmp	.+4      	; 0x6d0 <DIO_DirectionSelectForPin+0x19c>
     6cc:	88 0f       	add	r24, r24
     6ce:	99 1f       	adc	r25, r25
     6d0:	2a 95       	dec	r18
     6d2:	e2 f7       	brpl	.-8      	; 0x6cc <DIO_DirectionSelectForPin+0x198>
     6d4:	80 95       	com	r24
     6d6:	24 2f       	mov	r18, r20
     6d8:	28 23       	and	r18, r24
     6da:	84 e3       	ldi	r24, 0x34	; 52
     6dc:	90 e0       	ldi	r25, 0x00	; 0
     6de:	fc 01       	movw	r30, r24
     6e0:	20 83       	st	Z, r18
     6e2:	17 c0       	rjmp	.+46     	; 0x712 <DIO_DirectionSelectForPin+0x1de>
                    case DIO_GroupD: ClearBit(DDRD_Reg,PinNo);break;
     6e4:	81 e3       	ldi	r24, 0x31	; 49
     6e6:	90 e0       	ldi	r25, 0x00	; 0
     6e8:	fc 01       	movw	r30, r24
     6ea:	80 81       	ld	r24, Z
     6ec:	48 2f       	mov	r20, r24
     6ee:	8a 81       	ldd	r24, Y+2	; 0x02
     6f0:	28 2f       	mov	r18, r24
     6f2:	30 e0       	ldi	r19, 0x00	; 0
     6f4:	81 e0       	ldi	r24, 0x01	; 1
     6f6:	90 e0       	ldi	r25, 0x00	; 0
     6f8:	02 c0       	rjmp	.+4      	; 0x6fe <DIO_DirectionSelectForPin+0x1ca>
     6fa:	88 0f       	add	r24, r24
     6fc:	99 1f       	adc	r25, r25
     6fe:	2a 95       	dec	r18
     700:	e2 f7       	brpl	.-8      	; 0x6fa <DIO_DirectionSelectForPin+0x1c6>
     702:	80 95       	com	r24
     704:	24 2f       	mov	r18, r20
     706:	28 23       	and	r18, r24
     708:	81 e3       	ldi	r24, 0x31	; 49
     70a:	90 e0       	ldi	r25, 0x00	; 0
     70c:	fc 01       	movw	r30, r24
     70e:	20 83       	st	Z, r18
     710:	00 00       	nop
            }
            else{
                // Error Code 
            }
        }
}
     712:	00 00       	nop
     714:	0f 90       	pop	r0
     716:	0f 90       	pop	r0
     718:	0f 90       	pop	r0
     71a:	df 91       	pop	r29
     71c:	cf 91       	pop	r28
     71e:	08 95       	ret

00000720 <DIO_DirectionSelectForGroup>:

void DIO_DirectionSelectForGroup(uint8_t GroupName ,uint8_t DirectionState )
{
     720:	cf 93       	push	r28
     722:	df 93       	push	r29
     724:	00 d0       	rcall	.+0      	; 0x726 <DIO_DirectionSelectForGroup+0x6>
     726:	cd b7       	in	r28, 0x3d	; 61
     728:	de b7       	in	r29, 0x3e	; 62
     72a:	89 83       	std	Y+1, r24	; 0x01
     72c:	6a 83       	std	Y+2, r22	; 0x02
    switch(GroupName)
     72e:	89 81       	ldd	r24, Y+1	; 0x01
     730:	88 2f       	mov	r24, r24
     732:	90 e0       	ldi	r25, 0x00	; 0
     734:	82 30       	cpi	r24, 0x02	; 2
     736:	91 05       	cpc	r25, r1
     738:	91 f0       	breq	.+36     	; 0x75e <DIO_DirectionSelectForGroup+0x3e>
     73a:	83 30       	cpi	r24, 0x03	; 3
     73c:	91 05       	cpc	r25, r1
     73e:	1c f4       	brge	.+6      	; 0x746 <DIO_DirectionSelectForGroup+0x26>
     740:	01 97       	sbiw	r24, 0x01	; 1
     742:	39 f0       	breq	.+14     	; 0x752 <DIO_DirectionSelectForGroup+0x32>
    {
        case DIO_GroupA: DDRA_Reg=DirectionState;break;
        case DIO_GroupB: DDRB_Reg=DirectionState;break;
        case DIO_GroupC: DDRC_Reg=DirectionState;break;
        case DIO_GroupD: DDRD_Reg=DirectionState;break;
        default :  break;/*ErrorCode wrong Group*/
     744:	1e c0       	rjmp	.+60     	; 0x782 <DIO_DirectionSelectForGroup+0x62>
        }
}

void DIO_DirectionSelectForGroup(uint8_t GroupName ,uint8_t DirectionState )
{
    switch(GroupName)
     746:	83 30       	cpi	r24, 0x03	; 3
     748:	91 05       	cpc	r25, r1
     74a:	79 f0       	breq	.+30     	; 0x76a <DIO_DirectionSelectForGroup+0x4a>
     74c:	04 97       	sbiw	r24, 0x04	; 4
     74e:	99 f0       	breq	.+38     	; 0x776 <DIO_DirectionSelectForGroup+0x56>
    {
        case DIO_GroupA: DDRA_Reg=DirectionState;break;
        case DIO_GroupB: DDRB_Reg=DirectionState;break;
        case DIO_GroupC: DDRC_Reg=DirectionState;break;
        case DIO_GroupD: DDRD_Reg=DirectionState;break;
        default :  break;/*ErrorCode wrong Group*/
     750:	18 c0       	rjmp	.+48     	; 0x782 <DIO_DirectionSelectForGroup+0x62>

void DIO_DirectionSelectForGroup(uint8_t GroupName ,uint8_t DirectionState )
{
    switch(GroupName)
    {
        case DIO_GroupA: DDRA_Reg=DirectionState;break;
     752:	8a e3       	ldi	r24, 0x3A	; 58
     754:	90 e0       	ldi	r25, 0x00	; 0
     756:	2a 81       	ldd	r18, Y+2	; 0x02
     758:	fc 01       	movw	r30, r24
     75a:	20 83       	st	Z, r18
     75c:	12 c0       	rjmp	.+36     	; 0x782 <DIO_DirectionSelectForGroup+0x62>
        case DIO_GroupB: DDRB_Reg=DirectionState;break;
     75e:	87 e3       	ldi	r24, 0x37	; 55
     760:	90 e0       	ldi	r25, 0x00	; 0
     762:	2a 81       	ldd	r18, Y+2	; 0x02
     764:	fc 01       	movw	r30, r24
     766:	20 83       	st	Z, r18
     768:	0c c0       	rjmp	.+24     	; 0x782 <DIO_DirectionSelectForGroup+0x62>
        case DIO_GroupC: DDRC_Reg=DirectionState;break;
     76a:	84 e3       	ldi	r24, 0x34	; 52
     76c:	90 e0       	ldi	r25, 0x00	; 0
     76e:	2a 81       	ldd	r18, Y+2	; 0x02
     770:	fc 01       	movw	r30, r24
     772:	20 83       	st	Z, r18
     774:	06 c0       	rjmp	.+12     	; 0x782 <DIO_DirectionSelectForGroup+0x62>
        case DIO_GroupD: DDRD_Reg=DirectionState;break;
     776:	81 e3       	ldi	r24, 0x31	; 49
     778:	90 e0       	ldi	r25, 0x00	; 0
     77a:	2a 81       	ldd	r18, Y+2	; 0x02
     77c:	fc 01       	movw	r30, r24
     77e:	20 83       	st	Z, r18
     780:	00 00       	nop
        default :  break;/*ErrorCode wrong Group*/
    }
}
     782:	00 00       	nop
     784:	0f 90       	pop	r0
     786:	0f 90       	pop	r0
     788:	df 91       	pop	r29
     78a:	cf 91       	pop	r28
     78c:	08 95       	ret

0000078e <DIO_WriteForGroup>:
void DIO_WriteForGroup(uint8_t GroupName ,uint8_t OutputValue )
{
     78e:	cf 93       	push	r28
     790:	df 93       	push	r29
     792:	00 d0       	rcall	.+0      	; 0x794 <DIO_WriteForGroup+0x6>
     794:	cd b7       	in	r28, 0x3d	; 61
     796:	de b7       	in	r29, 0x3e	; 62
     798:	89 83       	std	Y+1, r24	; 0x01
     79a:	6a 83       	std	Y+2, r22	; 0x02

    switch(GroupName)
     79c:	89 81       	ldd	r24, Y+1	; 0x01
     79e:	88 2f       	mov	r24, r24
     7a0:	90 e0       	ldi	r25, 0x00	; 0
     7a2:	82 30       	cpi	r24, 0x02	; 2
     7a4:	91 05       	cpc	r25, r1
     7a6:	91 f0       	breq	.+36     	; 0x7cc <DIO_WriteForGroup+0x3e>
     7a8:	83 30       	cpi	r24, 0x03	; 3
     7aa:	91 05       	cpc	r25, r1
     7ac:	1c f4       	brge	.+6      	; 0x7b4 <DIO_WriteForGroup+0x26>
     7ae:	01 97       	sbiw	r24, 0x01	; 1
     7b0:	39 f0       	breq	.+14     	; 0x7c0 <DIO_WriteForGroup+0x32>
    {
        case DIO_GroupA: PORTA_Reg=OutputValue;break;
        case DIO_GroupB: PORTB_Reg=OutputValue;break;
        case DIO_GroupC: PORTC_Reg=OutputValue;break;
        case DIO_GroupD: PORTD_Reg=OutputValue;break;
        default : break;/*ErrorCode wrong Group*/
     7b2:	1e c0       	rjmp	.+60     	; 0x7f0 <DIO_WriteForGroup+0x62>
    }
}
void DIO_WriteForGroup(uint8_t GroupName ,uint8_t OutputValue )
{

    switch(GroupName)
     7b4:	83 30       	cpi	r24, 0x03	; 3
     7b6:	91 05       	cpc	r25, r1
     7b8:	79 f0       	breq	.+30     	; 0x7d8 <DIO_WriteForGroup+0x4a>
     7ba:	04 97       	sbiw	r24, 0x04	; 4
     7bc:	99 f0       	breq	.+38     	; 0x7e4 <DIO_WriteForGroup+0x56>
    {
        case DIO_GroupA: PORTA_Reg=OutputValue;break;
        case DIO_GroupB: PORTB_Reg=OutputValue;break;
        case DIO_GroupC: PORTC_Reg=OutputValue;break;
        case DIO_GroupD: PORTD_Reg=OutputValue;break;
        default : break;/*ErrorCode wrong Group*/
     7be:	18 c0       	rjmp	.+48     	; 0x7f0 <DIO_WriteForGroup+0x62>
void DIO_WriteForGroup(uint8_t GroupName ,uint8_t OutputValue )
{

    switch(GroupName)
    {
        case DIO_GroupA: PORTA_Reg=OutputValue;break;
     7c0:	8b e3       	ldi	r24, 0x3B	; 59
     7c2:	90 e0       	ldi	r25, 0x00	; 0
     7c4:	2a 81       	ldd	r18, Y+2	; 0x02
     7c6:	fc 01       	movw	r30, r24
     7c8:	20 83       	st	Z, r18
     7ca:	12 c0       	rjmp	.+36     	; 0x7f0 <DIO_WriteForGroup+0x62>
        case DIO_GroupB: PORTB_Reg=OutputValue;break;
     7cc:	88 e3       	ldi	r24, 0x38	; 56
     7ce:	90 e0       	ldi	r25, 0x00	; 0
     7d0:	2a 81       	ldd	r18, Y+2	; 0x02
     7d2:	fc 01       	movw	r30, r24
     7d4:	20 83       	st	Z, r18
     7d6:	0c c0       	rjmp	.+24     	; 0x7f0 <DIO_WriteForGroup+0x62>
        case DIO_GroupC: PORTC_Reg=OutputValue;break;
     7d8:	85 e3       	ldi	r24, 0x35	; 53
     7da:	90 e0       	ldi	r25, 0x00	; 0
     7dc:	2a 81       	ldd	r18, Y+2	; 0x02
     7de:	fc 01       	movw	r30, r24
     7e0:	20 83       	st	Z, r18
     7e2:	06 c0       	rjmp	.+12     	; 0x7f0 <DIO_WriteForGroup+0x62>
        case DIO_GroupD: PORTD_Reg=OutputValue;break;
     7e4:	82 e3       	ldi	r24, 0x32	; 50
     7e6:	90 e0       	ldi	r25, 0x00	; 0
     7e8:	2a 81       	ldd	r18, Y+2	; 0x02
     7ea:	fc 01       	movw	r30, r24
     7ec:	20 83       	st	Z, r18
     7ee:	00 00       	nop
        default : break;/*ErrorCode wrong Group*/
    }
}
     7f0:	00 00       	nop
     7f2:	0f 90       	pop	r0
     7f4:	0f 90       	pop	r0
     7f6:	df 91       	pop	r29
     7f8:	cf 91       	pop	r28
     7fa:	08 95       	ret

000007fc <DIO_WriteForPin>:

void DIO_WriteForPin(uint8_t GroupName ,uint8_t PinNo ,uint8_t OutputValue )
{
     7fc:	cf 93       	push	r28
     7fe:	df 93       	push	r29
     800:	00 d0       	rcall	.+0      	; 0x802 <__DATA_REGION_LENGTH__+0x2>
     802:	1f 92       	push	r1
     804:	cd b7       	in	r28, 0x3d	; 61
     806:	de b7       	in	r29, 0x3e	; 62
     808:	89 83       	std	Y+1, r24	; 0x01
     80a:	6a 83       	std	Y+2, r22	; 0x02
     80c:	4b 83       	std	Y+3, r20	; 0x03
    if (PinNo<=DIO_Pin7)
     80e:	8a 81       	ldd	r24, Y+2	; 0x02
     810:	88 30       	cpi	r24, 0x08	; 8
     812:	08 f0       	brcs	.+2      	; 0x816 <__DATA_REGION_LENGTH__+0x16>
     814:	e3 c0       	rjmp	.+454    	; 0x9dc <__stack+0x17d>
    {
        if(OutputValue==DIO_Low)
     816:	8b 81       	ldd	r24, Y+3	; 0x03
     818:	88 23       	and	r24, r24
     81a:	09 f0       	breq	.+2      	; 0x81e <__DATA_REGION_LENGTH__+0x1e>
     81c:	70 c0       	rjmp	.+224    	; 0x8fe <__stack+0x9f>
        {
            switch(GroupName)
     81e:	89 81       	ldd	r24, Y+1	; 0x01
     820:	88 2f       	mov	r24, r24
     822:	90 e0       	ldi	r25, 0x00	; 0
     824:	82 30       	cpi	r24, 0x02	; 2
     826:	91 05       	cpc	r25, r1
     828:	21 f1       	breq	.+72     	; 0x872 <__stack+0x13>
     82a:	83 30       	cpi	r24, 0x03	; 3
     82c:	91 05       	cpc	r25, r1
     82e:	1c f4       	brge	.+6      	; 0x836 <__DATA_REGION_LENGTH__+0x36>
     830:	01 97       	sbiw	r24, 0x01	; 1
     832:	41 f0       	breq	.+16     	; 0x844 <__DATA_REGION_LENGTH__+0x44>
                case DIO_GroupC: SetBit(PORTC_Reg,PinNo);break;
                case DIO_GroupD: SetBit(PORTD_Reg,PinNo);break;
            }
        }
    }
}
     834:	d3 c0       	rjmp	.+422    	; 0x9dc <__stack+0x17d>
{
    if (PinNo<=DIO_Pin7)
    {
        if(OutputValue==DIO_Low)
        {
            switch(GroupName)
     836:	83 30       	cpi	r24, 0x03	; 3
     838:	91 05       	cpc	r25, r1
     83a:	91 f1       	breq	.+100    	; 0x8a0 <__stack+0x41>
     83c:	04 97       	sbiw	r24, 0x04	; 4
     83e:	09 f4       	brne	.+2      	; 0x842 <__DATA_REGION_LENGTH__+0x42>
     840:	46 c0       	rjmp	.+140    	; 0x8ce <__stack+0x6f>
                case DIO_GroupC: SetBit(PORTC_Reg,PinNo);break;
                case DIO_GroupD: SetBit(PORTD_Reg,PinNo);break;
            }
        }
    }
}
     842:	cc c0       	rjmp	.+408    	; 0x9dc <__stack+0x17d>
    {
        if(OutputValue==DIO_Low)
        {
            switch(GroupName)
            {
                case DIO_GroupA: ClearBit(PORTA_Reg,PinNo);break;
     844:	8b e3       	ldi	r24, 0x3B	; 59
     846:	90 e0       	ldi	r25, 0x00	; 0
     848:	fc 01       	movw	r30, r24
     84a:	80 81       	ld	r24, Z
     84c:	48 2f       	mov	r20, r24
     84e:	8a 81       	ldd	r24, Y+2	; 0x02
     850:	28 2f       	mov	r18, r24
     852:	30 e0       	ldi	r19, 0x00	; 0
     854:	81 e0       	ldi	r24, 0x01	; 1
     856:	90 e0       	ldi	r25, 0x00	; 0
     858:	02 c0       	rjmp	.+4      	; 0x85e <__DATA_REGION_LENGTH__+0x5e>
     85a:	88 0f       	add	r24, r24
     85c:	99 1f       	adc	r25, r25
     85e:	2a 95       	dec	r18
     860:	e2 f7       	brpl	.-8      	; 0x85a <__DATA_REGION_LENGTH__+0x5a>
     862:	80 95       	com	r24
     864:	24 2f       	mov	r18, r20
     866:	28 23       	and	r18, r24
     868:	8b e3       	ldi	r24, 0x3B	; 59
     86a:	90 e0       	ldi	r25, 0x00	; 0
     86c:	fc 01       	movw	r30, r24
     86e:	20 83       	st	Z, r18
     870:	b5 c0       	rjmp	.+362    	; 0x9dc <__stack+0x17d>
                case DIO_GroupB: ClearBit(PORTB_Reg,PinNo);break;
     872:	88 e3       	ldi	r24, 0x38	; 56
     874:	90 e0       	ldi	r25, 0x00	; 0
     876:	fc 01       	movw	r30, r24
     878:	80 81       	ld	r24, Z
     87a:	48 2f       	mov	r20, r24
     87c:	8a 81       	ldd	r24, Y+2	; 0x02
     87e:	28 2f       	mov	r18, r24
     880:	30 e0       	ldi	r19, 0x00	; 0
     882:	81 e0       	ldi	r24, 0x01	; 1
     884:	90 e0       	ldi	r25, 0x00	; 0
     886:	02 c0       	rjmp	.+4      	; 0x88c <__stack+0x2d>
     888:	88 0f       	add	r24, r24
     88a:	99 1f       	adc	r25, r25
     88c:	2a 95       	dec	r18
     88e:	e2 f7       	brpl	.-8      	; 0x888 <__stack+0x29>
     890:	80 95       	com	r24
     892:	24 2f       	mov	r18, r20
     894:	28 23       	and	r18, r24
     896:	88 e3       	ldi	r24, 0x38	; 56
     898:	90 e0       	ldi	r25, 0x00	; 0
     89a:	fc 01       	movw	r30, r24
     89c:	20 83       	st	Z, r18
     89e:	9e c0       	rjmp	.+316    	; 0x9dc <__stack+0x17d>
                case DIO_GroupC: ClearBit(PORTC_Reg,PinNo);break;
     8a0:	85 e3       	ldi	r24, 0x35	; 53
     8a2:	90 e0       	ldi	r25, 0x00	; 0
     8a4:	fc 01       	movw	r30, r24
     8a6:	80 81       	ld	r24, Z
     8a8:	48 2f       	mov	r20, r24
     8aa:	8a 81       	ldd	r24, Y+2	; 0x02
     8ac:	28 2f       	mov	r18, r24
     8ae:	30 e0       	ldi	r19, 0x00	; 0
     8b0:	81 e0       	ldi	r24, 0x01	; 1
     8b2:	90 e0       	ldi	r25, 0x00	; 0
     8b4:	02 c0       	rjmp	.+4      	; 0x8ba <__stack+0x5b>
     8b6:	88 0f       	add	r24, r24
     8b8:	99 1f       	adc	r25, r25
     8ba:	2a 95       	dec	r18
     8bc:	e2 f7       	brpl	.-8      	; 0x8b6 <__stack+0x57>
     8be:	80 95       	com	r24
     8c0:	24 2f       	mov	r18, r20
     8c2:	28 23       	and	r18, r24
     8c4:	85 e3       	ldi	r24, 0x35	; 53
     8c6:	90 e0       	ldi	r25, 0x00	; 0
     8c8:	fc 01       	movw	r30, r24
     8ca:	20 83       	st	Z, r18
     8cc:	87 c0       	rjmp	.+270    	; 0x9dc <__stack+0x17d>
                case DIO_GroupD: ClearBit(PORTD_Reg,PinNo);break;
     8ce:	82 e3       	ldi	r24, 0x32	; 50
     8d0:	90 e0       	ldi	r25, 0x00	; 0
     8d2:	fc 01       	movw	r30, r24
     8d4:	80 81       	ld	r24, Z
     8d6:	48 2f       	mov	r20, r24
     8d8:	8a 81       	ldd	r24, Y+2	; 0x02
     8da:	28 2f       	mov	r18, r24
     8dc:	30 e0       	ldi	r19, 0x00	; 0
     8de:	81 e0       	ldi	r24, 0x01	; 1
     8e0:	90 e0       	ldi	r25, 0x00	; 0
     8e2:	02 c0       	rjmp	.+4      	; 0x8e8 <__stack+0x89>
     8e4:	88 0f       	add	r24, r24
     8e6:	99 1f       	adc	r25, r25
     8e8:	2a 95       	dec	r18
     8ea:	e2 f7       	brpl	.-8      	; 0x8e4 <__stack+0x85>
     8ec:	80 95       	com	r24
     8ee:	24 2f       	mov	r18, r20
     8f0:	28 23       	and	r18, r24
     8f2:	82 e3       	ldi	r24, 0x32	; 50
     8f4:	90 e0       	ldi	r25, 0x00	; 0
     8f6:	fc 01       	movw	r30, r24
     8f8:	20 83       	st	Z, r18
     8fa:	00 00       	nop
     8fc:	6f c0       	rjmp	.+222    	; 0x9dc <__stack+0x17d>
            }
        }
        else if(OutputValue==DIO_High)
     8fe:	8b 81       	ldd	r24, Y+3	; 0x03
     900:	81 30       	cpi	r24, 0x01	; 1
     902:	09 f0       	breq	.+2      	; 0x906 <__stack+0xa7>
     904:	6b c0       	rjmp	.+214    	; 0x9dc <__stack+0x17d>
        {
            switch(GroupName)
     906:	89 81       	ldd	r24, Y+1	; 0x01
     908:	88 2f       	mov	r24, r24
     90a:	90 e0       	ldi	r25, 0x00	; 0
     90c:	82 30       	cpi	r24, 0x02	; 2
     90e:	91 05       	cpc	r25, r1
     910:	19 f1       	breq	.+70     	; 0x958 <__stack+0xf9>
     912:	83 30       	cpi	r24, 0x03	; 3
     914:	91 05       	cpc	r25, r1
     916:	1c f4       	brge	.+6      	; 0x91e <__stack+0xbf>
     918:	01 97       	sbiw	r24, 0x01	; 1
     91a:	41 f0       	breq	.+16     	; 0x92c <__stack+0xcd>
                case DIO_GroupC: SetBit(PORTC_Reg,PinNo);break;
                case DIO_GroupD: SetBit(PORTD_Reg,PinNo);break;
            }
        }
    }
}
     91c:	5f c0       	rjmp	.+190    	; 0x9dc <__stack+0x17d>
                case DIO_GroupD: ClearBit(PORTD_Reg,PinNo);break;
            }
        }
        else if(OutputValue==DIO_High)
        {
            switch(GroupName)
     91e:	83 30       	cpi	r24, 0x03	; 3
     920:	91 05       	cpc	r25, r1
     922:	81 f1       	breq	.+96     	; 0x984 <__stack+0x125>
     924:	04 97       	sbiw	r24, 0x04	; 4
     926:	09 f4       	brne	.+2      	; 0x92a <__stack+0xcb>
     928:	43 c0       	rjmp	.+134    	; 0x9b0 <__stack+0x151>
                case DIO_GroupC: SetBit(PORTC_Reg,PinNo);break;
                case DIO_GroupD: SetBit(PORTD_Reg,PinNo);break;
            }
        }
    }
}
     92a:	58 c0       	rjmp	.+176    	; 0x9dc <__stack+0x17d>
        }
        else if(OutputValue==DIO_High)
        {
            switch(GroupName)
            {
                case DIO_GroupA: SetBit(PORTA_Reg,PinNo);break;
     92c:	8b e3       	ldi	r24, 0x3B	; 59
     92e:	90 e0       	ldi	r25, 0x00	; 0
     930:	fc 01       	movw	r30, r24
     932:	80 81       	ld	r24, Z
     934:	48 2f       	mov	r20, r24
     936:	8a 81       	ldd	r24, Y+2	; 0x02
     938:	28 2f       	mov	r18, r24
     93a:	30 e0       	ldi	r19, 0x00	; 0
     93c:	81 e0       	ldi	r24, 0x01	; 1
     93e:	90 e0       	ldi	r25, 0x00	; 0
     940:	02 c0       	rjmp	.+4      	; 0x946 <__stack+0xe7>
     942:	88 0f       	add	r24, r24
     944:	99 1f       	adc	r25, r25
     946:	2a 95       	dec	r18
     948:	e2 f7       	brpl	.-8      	; 0x942 <__stack+0xe3>
     94a:	24 2f       	mov	r18, r20
     94c:	28 2b       	or	r18, r24
     94e:	8b e3       	ldi	r24, 0x3B	; 59
     950:	90 e0       	ldi	r25, 0x00	; 0
     952:	fc 01       	movw	r30, r24
     954:	20 83       	st	Z, r18
     956:	42 c0       	rjmp	.+132    	; 0x9dc <__stack+0x17d>
                case DIO_GroupB: SetBit(PORTB_Reg,PinNo);break;
     958:	88 e3       	ldi	r24, 0x38	; 56
     95a:	90 e0       	ldi	r25, 0x00	; 0
     95c:	fc 01       	movw	r30, r24
     95e:	80 81       	ld	r24, Z
     960:	48 2f       	mov	r20, r24
     962:	8a 81       	ldd	r24, Y+2	; 0x02
     964:	28 2f       	mov	r18, r24
     966:	30 e0       	ldi	r19, 0x00	; 0
     968:	81 e0       	ldi	r24, 0x01	; 1
     96a:	90 e0       	ldi	r25, 0x00	; 0
     96c:	02 c0       	rjmp	.+4      	; 0x972 <__stack+0x113>
     96e:	88 0f       	add	r24, r24
     970:	99 1f       	adc	r25, r25
     972:	2a 95       	dec	r18
     974:	e2 f7       	brpl	.-8      	; 0x96e <__stack+0x10f>
     976:	24 2f       	mov	r18, r20
     978:	28 2b       	or	r18, r24
     97a:	88 e3       	ldi	r24, 0x38	; 56
     97c:	90 e0       	ldi	r25, 0x00	; 0
     97e:	fc 01       	movw	r30, r24
     980:	20 83       	st	Z, r18
     982:	2c c0       	rjmp	.+88     	; 0x9dc <__stack+0x17d>
                case DIO_GroupC: SetBit(PORTC_Reg,PinNo);break;
     984:	85 e3       	ldi	r24, 0x35	; 53
     986:	90 e0       	ldi	r25, 0x00	; 0
     988:	fc 01       	movw	r30, r24
     98a:	80 81       	ld	r24, Z
     98c:	48 2f       	mov	r20, r24
     98e:	8a 81       	ldd	r24, Y+2	; 0x02
     990:	28 2f       	mov	r18, r24
     992:	30 e0       	ldi	r19, 0x00	; 0
     994:	81 e0       	ldi	r24, 0x01	; 1
     996:	90 e0       	ldi	r25, 0x00	; 0
     998:	02 c0       	rjmp	.+4      	; 0x99e <__stack+0x13f>
     99a:	88 0f       	add	r24, r24
     99c:	99 1f       	adc	r25, r25
     99e:	2a 95       	dec	r18
     9a0:	e2 f7       	brpl	.-8      	; 0x99a <__stack+0x13b>
     9a2:	24 2f       	mov	r18, r20
     9a4:	28 2b       	or	r18, r24
     9a6:	85 e3       	ldi	r24, 0x35	; 53
     9a8:	90 e0       	ldi	r25, 0x00	; 0
     9aa:	fc 01       	movw	r30, r24
     9ac:	20 83       	st	Z, r18
     9ae:	16 c0       	rjmp	.+44     	; 0x9dc <__stack+0x17d>
                case DIO_GroupD: SetBit(PORTD_Reg,PinNo);break;
     9b0:	82 e3       	ldi	r24, 0x32	; 50
     9b2:	90 e0       	ldi	r25, 0x00	; 0
     9b4:	fc 01       	movw	r30, r24
     9b6:	80 81       	ld	r24, Z
     9b8:	48 2f       	mov	r20, r24
     9ba:	8a 81       	ldd	r24, Y+2	; 0x02
     9bc:	28 2f       	mov	r18, r24
     9be:	30 e0       	ldi	r19, 0x00	; 0
     9c0:	81 e0       	ldi	r24, 0x01	; 1
     9c2:	90 e0       	ldi	r25, 0x00	; 0
     9c4:	02 c0       	rjmp	.+4      	; 0x9ca <__stack+0x16b>
     9c6:	88 0f       	add	r24, r24
     9c8:	99 1f       	adc	r25, r25
     9ca:	2a 95       	dec	r18
     9cc:	e2 f7       	brpl	.-8      	; 0x9c6 <__stack+0x167>
     9ce:	24 2f       	mov	r18, r20
     9d0:	28 2b       	or	r18, r24
     9d2:	82 e3       	ldi	r24, 0x32	; 50
     9d4:	90 e0       	ldi	r25, 0x00	; 0
     9d6:	fc 01       	movw	r30, r24
     9d8:	20 83       	st	Z, r18
     9da:	00 00       	nop
            }
        }
    }
}
     9dc:	00 00       	nop
     9de:	0f 90       	pop	r0
     9e0:	0f 90       	pop	r0
     9e2:	0f 90       	pop	r0
     9e4:	df 91       	pop	r29
     9e6:	cf 91       	pop	r28
     9e8:	08 95       	ret

000009ea <DIO_ReadInputForPin>:


void DIO_ReadInputForPin(uint8_t GroupName ,uint8_t PinNo ,uint8_t *InputState )
{
     9ea:	cf 93       	push	r28
     9ec:	df 93       	push	r29
     9ee:	00 d0       	rcall	.+0      	; 0x9f0 <DIO_ReadInputForPin+0x6>
     9f0:	00 d0       	rcall	.+0      	; 0x9f2 <DIO_ReadInputForPin+0x8>
     9f2:	cd b7       	in	r28, 0x3d	; 61
     9f4:	de b7       	in	r29, 0x3e	; 62
     9f6:	89 83       	std	Y+1, r24	; 0x01
     9f8:	6a 83       	std	Y+2, r22	; 0x02
     9fa:	5c 83       	std	Y+4, r21	; 0x04
     9fc:	4b 83       	std	Y+3, r20	; 0x03
    if(InputState!=NULL&&PinNo<=DIO_Pin7)
     9fe:	8b 81       	ldd	r24, Y+3	; 0x03
     a00:	9c 81       	ldd	r25, Y+4	; 0x04
     a02:	89 2b       	or	r24, r25
     a04:	09 f4       	brne	.+2      	; 0xa08 <DIO_ReadInputForPin+0x1e>
     a06:	6b c0       	rjmp	.+214    	; 0xade <DIO_ReadInputForPin+0xf4>
     a08:	8a 81       	ldd	r24, Y+2	; 0x02
     a0a:	88 30       	cpi	r24, 0x08	; 8
     a0c:	08 f0       	brcs	.+2      	; 0xa10 <DIO_ReadInputForPin+0x26>
     a0e:	67 c0       	rjmp	.+206    	; 0xade <DIO_ReadInputForPin+0xf4>
    {
        switch(GroupName)
     a10:	89 81       	ldd	r24, Y+1	; 0x01
     a12:	88 2f       	mov	r24, r24
     a14:	90 e0       	ldi	r25, 0x00	; 0
     a16:	82 30       	cpi	r24, 0x02	; 2
     a18:	91 05       	cpc	r25, r1
     a1a:	11 f1       	breq	.+68     	; 0xa60 <DIO_ReadInputForPin+0x76>
     a1c:	83 30       	cpi	r24, 0x03	; 3
     a1e:	91 05       	cpc	r25, r1
     a20:	1c f4       	brge	.+6      	; 0xa28 <DIO_ReadInputForPin+0x3e>
     a22:	01 97       	sbiw	r24, 0x01	; 1
     a24:	41 f0       	breq	.+16     	; 0xa36 <DIO_ReadInputForPin+0x4c>
         case DIO_GroupB:*InputState=ReadBit(PINB_Reg,PinNo);break;
         case DIO_GroupC:*InputState=ReadBit(PINC_Reg,PinNo);break;
         case DIO_GroupD:*InputState=ReadBit(PIND_Reg,PinNo);break;            
        }
    }
}
     a26:	5b c0       	rjmp	.+182    	; 0xade <DIO_ReadInputForPin+0xf4>

void DIO_ReadInputForPin(uint8_t GroupName ,uint8_t PinNo ,uint8_t *InputState )
{
    if(InputState!=NULL&&PinNo<=DIO_Pin7)
    {
        switch(GroupName)
     a28:	83 30       	cpi	r24, 0x03	; 3
     a2a:	91 05       	cpc	r25, r1
     a2c:	71 f1       	breq	.+92     	; 0xa8a <DIO_ReadInputForPin+0xa0>
     a2e:	04 97       	sbiw	r24, 0x04	; 4
     a30:	09 f4       	brne	.+2      	; 0xa34 <DIO_ReadInputForPin+0x4a>
     a32:	40 c0       	rjmp	.+128    	; 0xab4 <DIO_ReadInputForPin+0xca>
         case DIO_GroupB:*InputState=ReadBit(PINB_Reg,PinNo);break;
         case DIO_GroupC:*InputState=ReadBit(PINC_Reg,PinNo);break;
         case DIO_GroupD:*InputState=ReadBit(PIND_Reg,PinNo);break;            
        }
    }
}
     a34:	54 c0       	rjmp	.+168    	; 0xade <DIO_ReadInputForPin+0xf4>
{
    if(InputState!=NULL&&PinNo<=DIO_Pin7)
    {
        switch(GroupName)
        {
         case DIO_GroupA:*InputState=ReadBit(PINA_Reg,PinNo);break;
     a36:	89 e3       	ldi	r24, 0x39	; 57
     a38:	90 e0       	ldi	r25, 0x00	; 0
     a3a:	fc 01       	movw	r30, r24
     a3c:	80 81       	ld	r24, Z
     a3e:	88 2f       	mov	r24, r24
     a40:	90 e0       	ldi	r25, 0x00	; 0
     a42:	2a 81       	ldd	r18, Y+2	; 0x02
     a44:	22 2f       	mov	r18, r18
     a46:	30 e0       	ldi	r19, 0x00	; 0
     a48:	02 c0       	rjmp	.+4      	; 0xa4e <DIO_ReadInputForPin+0x64>
     a4a:	95 95       	asr	r25
     a4c:	87 95       	ror	r24
     a4e:	2a 95       	dec	r18
     a50:	e2 f7       	brpl	.-8      	; 0xa4a <DIO_ReadInputForPin+0x60>
     a52:	28 2f       	mov	r18, r24
     a54:	21 70       	andi	r18, 0x01	; 1
     a56:	8b 81       	ldd	r24, Y+3	; 0x03
     a58:	9c 81       	ldd	r25, Y+4	; 0x04
     a5a:	fc 01       	movw	r30, r24
     a5c:	20 83       	st	Z, r18
     a5e:	3f c0       	rjmp	.+126    	; 0xade <DIO_ReadInputForPin+0xf4>
         case DIO_GroupB:*InputState=ReadBit(PINB_Reg,PinNo);break;
     a60:	86 e3       	ldi	r24, 0x36	; 54
     a62:	90 e0       	ldi	r25, 0x00	; 0
     a64:	fc 01       	movw	r30, r24
     a66:	80 81       	ld	r24, Z
     a68:	88 2f       	mov	r24, r24
     a6a:	90 e0       	ldi	r25, 0x00	; 0
     a6c:	2a 81       	ldd	r18, Y+2	; 0x02
     a6e:	22 2f       	mov	r18, r18
     a70:	30 e0       	ldi	r19, 0x00	; 0
     a72:	02 c0       	rjmp	.+4      	; 0xa78 <DIO_ReadInputForPin+0x8e>
     a74:	95 95       	asr	r25
     a76:	87 95       	ror	r24
     a78:	2a 95       	dec	r18
     a7a:	e2 f7       	brpl	.-8      	; 0xa74 <DIO_ReadInputForPin+0x8a>
     a7c:	28 2f       	mov	r18, r24
     a7e:	21 70       	andi	r18, 0x01	; 1
     a80:	8b 81       	ldd	r24, Y+3	; 0x03
     a82:	9c 81       	ldd	r25, Y+4	; 0x04
     a84:	fc 01       	movw	r30, r24
     a86:	20 83       	st	Z, r18
     a88:	2a c0       	rjmp	.+84     	; 0xade <DIO_ReadInputForPin+0xf4>
         case DIO_GroupC:*InputState=ReadBit(PINC_Reg,PinNo);break;
     a8a:	83 e3       	ldi	r24, 0x33	; 51
     a8c:	90 e0       	ldi	r25, 0x00	; 0
     a8e:	fc 01       	movw	r30, r24
     a90:	80 81       	ld	r24, Z
     a92:	88 2f       	mov	r24, r24
     a94:	90 e0       	ldi	r25, 0x00	; 0
     a96:	2a 81       	ldd	r18, Y+2	; 0x02
     a98:	22 2f       	mov	r18, r18
     a9a:	30 e0       	ldi	r19, 0x00	; 0
     a9c:	02 c0       	rjmp	.+4      	; 0xaa2 <DIO_ReadInputForPin+0xb8>
     a9e:	95 95       	asr	r25
     aa0:	87 95       	ror	r24
     aa2:	2a 95       	dec	r18
     aa4:	e2 f7       	brpl	.-8      	; 0xa9e <DIO_ReadInputForPin+0xb4>
     aa6:	28 2f       	mov	r18, r24
     aa8:	21 70       	andi	r18, 0x01	; 1
     aaa:	8b 81       	ldd	r24, Y+3	; 0x03
     aac:	9c 81       	ldd	r25, Y+4	; 0x04
     aae:	fc 01       	movw	r30, r24
     ab0:	20 83       	st	Z, r18
     ab2:	15 c0       	rjmp	.+42     	; 0xade <DIO_ReadInputForPin+0xf4>
         case DIO_GroupD:*InputState=ReadBit(PIND_Reg,PinNo);break;            
     ab4:	80 e3       	ldi	r24, 0x30	; 48
     ab6:	90 e0       	ldi	r25, 0x00	; 0
     ab8:	fc 01       	movw	r30, r24
     aba:	80 81       	ld	r24, Z
     abc:	88 2f       	mov	r24, r24
     abe:	90 e0       	ldi	r25, 0x00	; 0
     ac0:	2a 81       	ldd	r18, Y+2	; 0x02
     ac2:	22 2f       	mov	r18, r18
     ac4:	30 e0       	ldi	r19, 0x00	; 0
     ac6:	02 c0       	rjmp	.+4      	; 0xacc <DIO_ReadInputForPin+0xe2>
     ac8:	95 95       	asr	r25
     aca:	87 95       	ror	r24
     acc:	2a 95       	dec	r18
     ace:	e2 f7       	brpl	.-8      	; 0xac8 <DIO_ReadInputForPin+0xde>
     ad0:	28 2f       	mov	r18, r24
     ad2:	21 70       	andi	r18, 0x01	; 1
     ad4:	8b 81       	ldd	r24, Y+3	; 0x03
     ad6:	9c 81       	ldd	r25, Y+4	; 0x04
     ad8:	fc 01       	movw	r30, r24
     ada:	20 83       	st	Z, r18
     adc:	00 00       	nop
        }
    }
}
     ade:	00 00       	nop
     ae0:	0f 90       	pop	r0
     ae2:	0f 90       	pop	r0
     ae4:	0f 90       	pop	r0
     ae6:	0f 90       	pop	r0
     ae8:	df 91       	pop	r29
     aea:	cf 91       	pop	r28
     aec:	08 95       	ret

00000aee <DIO_ReadInputForGroup>:

void DIO_ReadInputForGroup(uint8_t GroupName ,uint8_t *InputState)
{
     aee:	cf 93       	push	r28
     af0:	df 93       	push	r29
     af2:	00 d0       	rcall	.+0      	; 0xaf4 <DIO_ReadInputForGroup+0x6>
     af4:	1f 92       	push	r1
     af6:	cd b7       	in	r28, 0x3d	; 61
     af8:	de b7       	in	r29, 0x3e	; 62
     afa:	89 83       	std	Y+1, r24	; 0x01
     afc:	7b 83       	std	Y+3, r23	; 0x03
     afe:	6a 83       	std	Y+2, r22	; 0x02
    if(InputState!=NULL)
     b00:	8a 81       	ldd	r24, Y+2	; 0x02
     b02:	9b 81       	ldd	r25, Y+3	; 0x03
     b04:	89 2b       	or	r24, r25
     b06:	b1 f1       	breq	.+108    	; 0xb74 <DIO_ReadInputForGroup+0x86>
    {
        switch(GroupName)
     b08:	89 81       	ldd	r24, Y+1	; 0x01
     b0a:	88 2f       	mov	r24, r24
     b0c:	90 e0       	ldi	r25, 0x00	; 0
     b0e:	82 30       	cpi	r24, 0x02	; 2
     b10:	91 05       	cpc	r25, r1
     b12:	a9 f0       	breq	.+42     	; 0xb3e <DIO_ReadInputForGroup+0x50>
     b14:	83 30       	cpi	r24, 0x03	; 3
     b16:	91 05       	cpc	r25, r1
     b18:	1c f4       	brge	.+6      	; 0xb20 <DIO_ReadInputForGroup+0x32>
     b1a:	01 97       	sbiw	r24, 0x01	; 1
     b1c:	39 f0       	breq	.+14     	; 0xb2c <DIO_ReadInputForGroup+0x3e>
            case DIO_GroupB : *InputState=PINB_Reg;break;
            case DIO_GroupC : *InputState=PINC_Reg;break;
            case DIO_GroupD : *InputState=PIND_Reg;break;
        }
    }
}
     b1e:	2a c0       	rjmp	.+84     	; 0xb74 <DIO_ReadInputForGroup+0x86>

void DIO_ReadInputForGroup(uint8_t GroupName ,uint8_t *InputState)
{
    if(InputState!=NULL)
    {
        switch(GroupName)
     b20:	83 30       	cpi	r24, 0x03	; 3
     b22:	91 05       	cpc	r25, r1
     b24:	a9 f0       	breq	.+42     	; 0xb50 <DIO_ReadInputForGroup+0x62>
     b26:	04 97       	sbiw	r24, 0x04	; 4
     b28:	e1 f0       	breq	.+56     	; 0xb62 <DIO_ReadInputForGroup+0x74>
            case DIO_GroupB : *InputState=PINB_Reg;break;
            case DIO_GroupC : *InputState=PINC_Reg;break;
            case DIO_GroupD : *InputState=PIND_Reg;break;
        }
    }
}
     b2a:	24 c0       	rjmp	.+72     	; 0xb74 <DIO_ReadInputForGroup+0x86>
{
    if(InputState!=NULL)
    {
        switch(GroupName)
        {
            case DIO_GroupA : *InputState=PINA_Reg;break;
     b2c:	89 e3       	ldi	r24, 0x39	; 57
     b2e:	90 e0       	ldi	r25, 0x00	; 0
     b30:	fc 01       	movw	r30, r24
     b32:	20 81       	ld	r18, Z
     b34:	8a 81       	ldd	r24, Y+2	; 0x02
     b36:	9b 81       	ldd	r25, Y+3	; 0x03
     b38:	fc 01       	movw	r30, r24
     b3a:	20 83       	st	Z, r18
     b3c:	1b c0       	rjmp	.+54     	; 0xb74 <DIO_ReadInputForGroup+0x86>
            case DIO_GroupB : *InputState=PINB_Reg;break;
     b3e:	86 e3       	ldi	r24, 0x36	; 54
     b40:	90 e0       	ldi	r25, 0x00	; 0
     b42:	fc 01       	movw	r30, r24
     b44:	20 81       	ld	r18, Z
     b46:	8a 81       	ldd	r24, Y+2	; 0x02
     b48:	9b 81       	ldd	r25, Y+3	; 0x03
     b4a:	fc 01       	movw	r30, r24
     b4c:	20 83       	st	Z, r18
     b4e:	12 c0       	rjmp	.+36     	; 0xb74 <DIO_ReadInputForGroup+0x86>
            case DIO_GroupC : *InputState=PINC_Reg;break;
     b50:	83 e3       	ldi	r24, 0x33	; 51
     b52:	90 e0       	ldi	r25, 0x00	; 0
     b54:	fc 01       	movw	r30, r24
     b56:	20 81       	ld	r18, Z
     b58:	8a 81       	ldd	r24, Y+2	; 0x02
     b5a:	9b 81       	ldd	r25, Y+3	; 0x03
     b5c:	fc 01       	movw	r30, r24
     b5e:	20 83       	st	Z, r18
     b60:	09 c0       	rjmp	.+18     	; 0xb74 <DIO_ReadInputForGroup+0x86>
            case DIO_GroupD : *InputState=PIND_Reg;break;
     b62:	80 e3       	ldi	r24, 0x30	; 48
     b64:	90 e0       	ldi	r25, 0x00	; 0
     b66:	fc 01       	movw	r30, r24
     b68:	20 81       	ld	r18, Z
     b6a:	8a 81       	ldd	r24, Y+2	; 0x02
     b6c:	9b 81       	ldd	r25, Y+3	; 0x03
     b6e:	fc 01       	movw	r30, r24
     b70:	20 83       	st	Z, r18
     b72:	00 00       	nop
        }
    }
}
     b74:	00 00       	nop
     b76:	0f 90       	pop	r0
     b78:	0f 90       	pop	r0
     b7a:	0f 90       	pop	r0
     b7c:	df 91       	pop	r29
     b7e:	cf 91       	pop	r28
     b80:	08 95       	ret

00000b82 <DIO_ToggleForPin>:


void DIO_ToggleForPin(uint8_t GroupName ,uint8_t PinNo )
{
     b82:	cf 93       	push	r28
     b84:	df 93       	push	r29
     b86:	00 d0       	rcall	.+0      	; 0xb88 <DIO_ToggleForPin+0x6>
     b88:	cd b7       	in	r28, 0x3d	; 61
     b8a:	de b7       	in	r29, 0x3e	; 62
     b8c:	89 83       	std	Y+1, r24	; 0x01
     b8e:	6a 83       	std	Y+2, r22	; 0x02
    if(PinNo<=DIO_Pin7)
     b90:	8a 81       	ldd	r24, Y+2	; 0x02
     b92:	88 30       	cpi	r24, 0x08	; 8
     b94:	08 f0       	brcs	.+2      	; 0xb98 <DIO_ToggleForPin+0x16>
     b96:	6b c0       	rjmp	.+214    	; 0xc6e <DIO_ToggleForPin+0xec>
    {
        switch(GroupName)
     b98:	89 81       	ldd	r24, Y+1	; 0x01
     b9a:	88 2f       	mov	r24, r24
     b9c:	90 e0       	ldi	r25, 0x00	; 0
     b9e:	82 30       	cpi	r24, 0x02	; 2
     ba0:	91 05       	cpc	r25, r1
     ba2:	19 f1       	breq	.+70     	; 0xbea <DIO_ToggleForPin+0x68>
     ba4:	83 30       	cpi	r24, 0x03	; 3
     ba6:	91 05       	cpc	r25, r1
     ba8:	1c f4       	brge	.+6      	; 0xbb0 <DIO_ToggleForPin+0x2e>
     baa:	01 97       	sbiw	r24, 0x01	; 1
     bac:	41 f0       	breq	.+16     	; 0xbbe <DIO_ToggleForPin+0x3c>
            case DIO_GroupB: ToggleBit(PORTB_Reg,PinNo);break;
            case DIO_GroupC: ToggleBit(PORTC_Reg,PinNo);break;
            case DIO_GroupD: ToggleBit(PORTD_Reg,PinNo);break;
        }
    }
}
     bae:	5f c0       	rjmp	.+190    	; 0xc6e <DIO_ToggleForPin+0xec>

void DIO_ToggleForPin(uint8_t GroupName ,uint8_t PinNo )
{
    if(PinNo<=DIO_Pin7)
    {
        switch(GroupName)
     bb0:	83 30       	cpi	r24, 0x03	; 3
     bb2:	91 05       	cpc	r25, r1
     bb4:	81 f1       	breq	.+96     	; 0xc16 <DIO_ToggleForPin+0x94>
     bb6:	04 97       	sbiw	r24, 0x04	; 4
     bb8:	09 f4       	brne	.+2      	; 0xbbc <DIO_ToggleForPin+0x3a>
     bba:	43 c0       	rjmp	.+134    	; 0xc42 <DIO_ToggleForPin+0xc0>
            case DIO_GroupB: ToggleBit(PORTB_Reg,PinNo);break;
            case DIO_GroupC: ToggleBit(PORTC_Reg,PinNo);break;
            case DIO_GroupD: ToggleBit(PORTD_Reg,PinNo);break;
        }
    }
}
     bbc:	58 c0       	rjmp	.+176    	; 0xc6e <DIO_ToggleForPin+0xec>
{
    if(PinNo<=DIO_Pin7)
    {
        switch(GroupName)
        {
            case DIO_GroupA: ToggleBit(PORTA_Reg,PinNo);break;
     bbe:	8b e3       	ldi	r24, 0x3B	; 59
     bc0:	90 e0       	ldi	r25, 0x00	; 0
     bc2:	fc 01       	movw	r30, r24
     bc4:	80 81       	ld	r24, Z
     bc6:	48 2f       	mov	r20, r24
     bc8:	8a 81       	ldd	r24, Y+2	; 0x02
     bca:	28 2f       	mov	r18, r24
     bcc:	30 e0       	ldi	r19, 0x00	; 0
     bce:	81 e0       	ldi	r24, 0x01	; 1
     bd0:	90 e0       	ldi	r25, 0x00	; 0
     bd2:	02 c0       	rjmp	.+4      	; 0xbd8 <DIO_ToggleForPin+0x56>
     bd4:	88 0f       	add	r24, r24
     bd6:	99 1f       	adc	r25, r25
     bd8:	2a 95       	dec	r18
     bda:	e2 f7       	brpl	.-8      	; 0xbd4 <DIO_ToggleForPin+0x52>
     bdc:	24 2f       	mov	r18, r20
     bde:	28 27       	eor	r18, r24
     be0:	8b e3       	ldi	r24, 0x3B	; 59
     be2:	90 e0       	ldi	r25, 0x00	; 0
     be4:	fc 01       	movw	r30, r24
     be6:	20 83       	st	Z, r18
     be8:	42 c0       	rjmp	.+132    	; 0xc6e <DIO_ToggleForPin+0xec>
            case DIO_GroupB: ToggleBit(PORTB_Reg,PinNo);break;
     bea:	88 e3       	ldi	r24, 0x38	; 56
     bec:	90 e0       	ldi	r25, 0x00	; 0
     bee:	fc 01       	movw	r30, r24
     bf0:	80 81       	ld	r24, Z
     bf2:	48 2f       	mov	r20, r24
     bf4:	8a 81       	ldd	r24, Y+2	; 0x02
     bf6:	28 2f       	mov	r18, r24
     bf8:	30 e0       	ldi	r19, 0x00	; 0
     bfa:	81 e0       	ldi	r24, 0x01	; 1
     bfc:	90 e0       	ldi	r25, 0x00	; 0
     bfe:	02 c0       	rjmp	.+4      	; 0xc04 <DIO_ToggleForPin+0x82>
     c00:	88 0f       	add	r24, r24
     c02:	99 1f       	adc	r25, r25
     c04:	2a 95       	dec	r18
     c06:	e2 f7       	brpl	.-8      	; 0xc00 <DIO_ToggleForPin+0x7e>
     c08:	24 2f       	mov	r18, r20
     c0a:	28 27       	eor	r18, r24
     c0c:	88 e3       	ldi	r24, 0x38	; 56
     c0e:	90 e0       	ldi	r25, 0x00	; 0
     c10:	fc 01       	movw	r30, r24
     c12:	20 83       	st	Z, r18
     c14:	2c c0       	rjmp	.+88     	; 0xc6e <DIO_ToggleForPin+0xec>
            case DIO_GroupC: ToggleBit(PORTC_Reg,PinNo);break;
     c16:	85 e3       	ldi	r24, 0x35	; 53
     c18:	90 e0       	ldi	r25, 0x00	; 0
     c1a:	fc 01       	movw	r30, r24
     c1c:	80 81       	ld	r24, Z
     c1e:	48 2f       	mov	r20, r24
     c20:	8a 81       	ldd	r24, Y+2	; 0x02
     c22:	28 2f       	mov	r18, r24
     c24:	30 e0       	ldi	r19, 0x00	; 0
     c26:	81 e0       	ldi	r24, 0x01	; 1
     c28:	90 e0       	ldi	r25, 0x00	; 0
     c2a:	02 c0       	rjmp	.+4      	; 0xc30 <DIO_ToggleForPin+0xae>
     c2c:	88 0f       	add	r24, r24
     c2e:	99 1f       	adc	r25, r25
     c30:	2a 95       	dec	r18
     c32:	e2 f7       	brpl	.-8      	; 0xc2c <DIO_ToggleForPin+0xaa>
     c34:	24 2f       	mov	r18, r20
     c36:	28 27       	eor	r18, r24
     c38:	85 e3       	ldi	r24, 0x35	; 53
     c3a:	90 e0       	ldi	r25, 0x00	; 0
     c3c:	fc 01       	movw	r30, r24
     c3e:	20 83       	st	Z, r18
     c40:	16 c0       	rjmp	.+44     	; 0xc6e <DIO_ToggleForPin+0xec>
            case DIO_GroupD: ToggleBit(PORTD_Reg,PinNo);break;
     c42:	82 e3       	ldi	r24, 0x32	; 50
     c44:	90 e0       	ldi	r25, 0x00	; 0
     c46:	fc 01       	movw	r30, r24
     c48:	80 81       	ld	r24, Z
     c4a:	48 2f       	mov	r20, r24
     c4c:	8a 81       	ldd	r24, Y+2	; 0x02
     c4e:	28 2f       	mov	r18, r24
     c50:	30 e0       	ldi	r19, 0x00	; 0
     c52:	81 e0       	ldi	r24, 0x01	; 1
     c54:	90 e0       	ldi	r25, 0x00	; 0
     c56:	02 c0       	rjmp	.+4      	; 0xc5c <DIO_ToggleForPin+0xda>
     c58:	88 0f       	add	r24, r24
     c5a:	99 1f       	adc	r25, r25
     c5c:	2a 95       	dec	r18
     c5e:	e2 f7       	brpl	.-8      	; 0xc58 <DIO_ToggleForPin+0xd6>
     c60:	24 2f       	mov	r18, r20
     c62:	28 27       	eor	r18, r24
     c64:	82 e3       	ldi	r24, 0x32	; 50
     c66:	90 e0       	ldi	r25, 0x00	; 0
     c68:	fc 01       	movw	r30, r24
     c6a:	20 83       	st	Z, r18
     c6c:	00 00       	nop
        }
    }
}
     c6e:	00 00       	nop
     c70:	0f 90       	pop	r0
     c72:	0f 90       	pop	r0
     c74:	df 91       	pop	r29
     c76:	cf 91       	pop	r28
     c78:	08 95       	ret

00000c7a <DIO_ToggleForGroup>:
void DIO_ToggleForGroup(uint8_t GroupName  )
{
     c7a:	cf 93       	push	r28
     c7c:	df 93       	push	r29
     c7e:	1f 92       	push	r1
     c80:	cd b7       	in	r28, 0x3d	; 61
     c82:	de b7       	in	r29, 0x3e	; 62
     c84:	89 83       	std	Y+1, r24	; 0x01
        switch(GroupName)
     c86:	89 81       	ldd	r24, Y+1	; 0x01
     c88:	88 2f       	mov	r24, r24
     c8a:	90 e0       	ldi	r25, 0x00	; 0
     c8c:	82 30       	cpi	r24, 0x02	; 2
     c8e:	91 05       	cpc	r25, r1
     c90:	b1 f0       	breq	.+44     	; 0xcbe <DIO_ToggleForGroup+0x44>
     c92:	83 30       	cpi	r24, 0x03	; 3
     c94:	91 05       	cpc	r25, r1
     c96:	1c f4       	brge	.+6      	; 0xc9e <DIO_ToggleForGroup+0x24>
     c98:	01 97       	sbiw	r24, 0x01	; 1
     c9a:	39 f0       	breq	.+14     	; 0xcaa <DIO_ToggleForGroup+0x30>
            case DIO_GroupA: PORTA_Reg= ~PORTA_Reg;break;
            case DIO_GroupB: PORTB_Reg= ~PORTB_Reg;break;
            case DIO_GroupC: PORTC_Reg= ~PORTC_Reg;break;
            case DIO_GroupD: PORTD_Reg= ~PORTD_Reg;break;
        }
}
     c9c:	2e c0       	rjmp	.+92     	; 0xcfa <DIO_ToggleForGroup+0x80>
        }
    }
}
void DIO_ToggleForGroup(uint8_t GroupName  )
{
        switch(GroupName)
     c9e:	83 30       	cpi	r24, 0x03	; 3
     ca0:	91 05       	cpc	r25, r1
     ca2:	b9 f0       	breq	.+46     	; 0xcd2 <DIO_ToggleForGroup+0x58>
     ca4:	04 97       	sbiw	r24, 0x04	; 4
     ca6:	f9 f0       	breq	.+62     	; 0xce6 <DIO_ToggleForGroup+0x6c>
            case DIO_GroupA: PORTA_Reg= ~PORTA_Reg;break;
            case DIO_GroupB: PORTB_Reg= ~PORTB_Reg;break;
            case DIO_GroupC: PORTC_Reg= ~PORTC_Reg;break;
            case DIO_GroupD: PORTD_Reg= ~PORTD_Reg;break;
        }
}
     ca8:	28 c0       	rjmp	.+80     	; 0xcfa <DIO_ToggleForGroup+0x80>
}
void DIO_ToggleForGroup(uint8_t GroupName  )
{
        switch(GroupName)
        {                                   
            case DIO_GroupA: PORTA_Reg= ~PORTA_Reg;break;
     caa:	8b e3       	ldi	r24, 0x3B	; 59
     cac:	90 e0       	ldi	r25, 0x00	; 0
     cae:	fc 01       	movw	r30, r24
     cb0:	20 81       	ld	r18, Z
     cb2:	8b e3       	ldi	r24, 0x3B	; 59
     cb4:	90 e0       	ldi	r25, 0x00	; 0
     cb6:	20 95       	com	r18
     cb8:	fc 01       	movw	r30, r24
     cba:	20 83       	st	Z, r18
     cbc:	1e c0       	rjmp	.+60     	; 0xcfa <DIO_ToggleForGroup+0x80>
            case DIO_GroupB: PORTB_Reg= ~PORTB_Reg;break;
     cbe:	88 e3       	ldi	r24, 0x38	; 56
     cc0:	90 e0       	ldi	r25, 0x00	; 0
     cc2:	fc 01       	movw	r30, r24
     cc4:	20 81       	ld	r18, Z
     cc6:	88 e3       	ldi	r24, 0x38	; 56
     cc8:	90 e0       	ldi	r25, 0x00	; 0
     cca:	20 95       	com	r18
     ccc:	fc 01       	movw	r30, r24
     cce:	20 83       	st	Z, r18
     cd0:	14 c0       	rjmp	.+40     	; 0xcfa <DIO_ToggleForGroup+0x80>
            case DIO_GroupC: PORTC_Reg= ~PORTC_Reg;break;
     cd2:	85 e3       	ldi	r24, 0x35	; 53
     cd4:	90 e0       	ldi	r25, 0x00	; 0
     cd6:	fc 01       	movw	r30, r24
     cd8:	20 81       	ld	r18, Z
     cda:	85 e3       	ldi	r24, 0x35	; 53
     cdc:	90 e0       	ldi	r25, 0x00	; 0
     cde:	20 95       	com	r18
     ce0:	fc 01       	movw	r30, r24
     ce2:	20 83       	st	Z, r18
     ce4:	0a c0       	rjmp	.+20     	; 0xcfa <DIO_ToggleForGroup+0x80>
            case DIO_GroupD: PORTD_Reg= ~PORTD_Reg;break;
     ce6:	82 e3       	ldi	r24, 0x32	; 50
     ce8:	90 e0       	ldi	r25, 0x00	; 0
     cea:	fc 01       	movw	r30, r24
     cec:	20 81       	ld	r18, Z
     cee:	82 e3       	ldi	r24, 0x32	; 50
     cf0:	90 e0       	ldi	r25, 0x00	; 0
     cf2:	20 95       	com	r18
     cf4:	fc 01       	movw	r30, r24
     cf6:	20 83       	st	Z, r18
     cf8:	00 00       	nop
        }
}
     cfa:	00 00       	nop
     cfc:	0f 90       	pop	r0
     cfe:	df 91       	pop	r29
     d00:	cf 91       	pop	r28
     d02:	08 95       	ret

00000d04 <DIO_InternalPullUpControl>:
 /*Internal Pull Up */
void DIO_InternalPullUpControl(uint8_t GroupName ,uint8_t PinNo,uint8_t PullUpState)
{
     d04:	cf 93       	push	r28
     d06:	df 93       	push	r29
     d08:	00 d0       	rcall	.+0      	; 0xd0a <DIO_InternalPullUpControl+0x6>
     d0a:	1f 92       	push	r1
     d0c:	cd b7       	in	r28, 0x3d	; 61
     d0e:	de b7       	in	r29, 0x3e	; 62
     d10:	89 83       	std	Y+1, r24	; 0x01
     d12:	6a 83       	std	Y+2, r22	; 0x02
     d14:	4b 83       	std	Y+3, r20	; 0x03
    DIO_WriteForPin(GroupName,PinNo,PullUpState);        
     d16:	4b 81       	ldd	r20, Y+3	; 0x03
     d18:	6a 81       	ldd	r22, Y+2	; 0x02
     d1a:	89 81       	ldd	r24, Y+1	; 0x01
     d1c:	0e 94 fe 03 	call	0x7fc	; 0x7fc <DIO_WriteForPin>
}
     d20:	00 00       	nop
     d22:	0f 90       	pop	r0
     d24:	0f 90       	pop	r0
     d26:	0f 90       	pop	r0
     d28:	df 91       	pop	r29
     d2a:	cf 91       	pop	r28
     d2c:	08 95       	ret

00000d2e <ADC_Init>:

#include "ADC_Interface.h"
static uint8_t ADC_State = Adc_Uninitialized;

void ADC_Init()
{
     d2e:	cf 93       	push	r28
     d30:	df 93       	push	r29
     d32:	cd b7       	in	r28, 0x3d	; 61
     d34:	de b7       	in	r29, 0x3e	; 62
    /* Pseudo-code & Steps 
     * //! Configure Voltage reference & Result Adjust
     * //! Configure Control and Status Register for enable ,  mode ,interrupts , prescaller 
     * //! Configure Trigger Source if Auto Mode Selected  
    */
   if(ADC_State!=Adc_Uninitialized)
     d36:	80 91 88 00 	lds	r24, 0x0088	; 0x800088 <ADC_State>
     d3a:	88 23       	and	r24, r24
     d3c:	b9 f4       	brne	.+46     	; 0xd6c <ADC_Init+0x3e>
   /* 
    * //! Configuration ADMUX : Voltage & Adjust 
    * //! BitMask => (Reg = Reg&~Mask | Value)
    * //! ADMUX = > 1 1 1 0 0 0 0 0 
    */
    ADMUX_Reg = Adc_VrefSelection | Adc_AdjustSelection ; 
     d3e:	87 e2       	ldi	r24, 0x27	; 39
     d40:	90 e0       	ldi	r25, 0x00	; 0
     d42:	20 ee       	ldi	r18, 0xE0	; 224
     d44:	fc 01       	movw	r30, r24
     d46:	20 83       	st	Z, r18
    /* 
    * //! Configuration ADCSRA : Enable & Mode & Interrupts & Prescaller 
    */
   ADCSRA_Reg = Adc_InitState|Adc_ModeSelect|Adc_InterrupState|Adc_DivisionFactorSelection;
     d48:	86 e2       	ldi	r24, 0x26	; 38
     d4a:	90 e0       	ldi	r25, 0x00	; 0
     d4c:	23 e8       	ldi	r18, 0x83	; 131
     d4e:	fc 01       	movw	r30, r24
     d50:	20 83       	st	Z, r18
    * //! SFIOR -> 7 6 5 -> another use in another perpherial 
    * //! BitMask => (Reg = Reg&~Mask | Value)
    * //! Adc_TriggerSourceMask = 1 1 1 0 0 0 0 0 -> 0x E0
    */
    #if Adc_ModeSelect==Adc_AutoMode
    SFIOR_Reg =  (SFIOR_Reg & ~ Adc_TriggerSourceMask) | Adc_TriggerSource ; 
     d52:	80 e5       	ldi	r24, 0x50	; 80
     d54:	90 e0       	ldi	r25, 0x00	; 0
     d56:	fc 01       	movw	r30, r24
     d58:	20 81       	ld	r18, Z
     d5a:	80 e5       	ldi	r24, 0x50	; 80
     d5c:	90 e0       	ldi	r25, 0x00	; 0
     d5e:	2f 71       	andi	r18, 0x1F	; 31
     d60:	fc 01       	movw	r30, r24
     d62:	20 83       	st	Z, r18
    #endif
    ADC_State=Adc_Idle;
     d64:	81 e0       	ldi	r24, 0x01	; 1
     d66:	80 93 88 00 	sts	0x0088, r24	; 0x800088 <ADC_State>
     d6a:	01 c0       	rjmp	.+2      	; 0xd6e <ADC_Init+0x40>
     * //! Configure Control and Status Register for enable ,  mode ,interrupts , prescaller 
     * //! Configure Trigger Source if Auto Mode Selected  
    */
   if(ADC_State!=Adc_Uninitialized)
   {
     return ;
     d6c:	00 00       	nop
    #if Adc_ModeSelect==Adc_AutoMode
    SFIOR_Reg =  (SFIOR_Reg & ~ Adc_TriggerSourceMask) | Adc_TriggerSource ; 
    #endif
    ADC_State=Adc_Idle;

}
     d6e:	df 91       	pop	r29
     d70:	cf 91       	pop	r28
     d72:	08 95       	ret

00000d74 <ADC_DeInit>:
void ADC_DeInit()
{
     d74:	cf 93       	push	r28
     d76:	df 93       	push	r29
     d78:	cd b7       	in	r28, 0x3d	; 61
     d7a:	de b7       	in	r29, 0x3e	; 62
    /* pseudo-code & Steps:
     * //! 1. Clear the ADC Conversion Complete Flag (ADIF)
     * //! 2. Disable the ADC Interrupt 
     * //! 3. Disable the ADC Peripheral 
     * //! 4. Reset Driver State to Uninitialized*/
}
     d7c:	00 00       	nop
     d7e:	df 91       	pop	r29
     d80:	cf 91       	pop	r28
     d82:	08 95       	ret

00000d84 <ADC_Enable>:
void ADC_Enable()
{
     d84:	cf 93       	push	r28
     d86:	df 93       	push	r29
     d88:	cd b7       	in	r28, 0x3d	; 61
     d8a:	de b7       	in	r29, 0x3e	; 62
    SetBit(ADCSRA_Reg,ADEN);
     d8c:	86 e2       	ldi	r24, 0x26	; 38
     d8e:	90 e0       	ldi	r25, 0x00	; 0
     d90:	fc 01       	movw	r30, r24
     d92:	20 81       	ld	r18, Z
     d94:	86 e2       	ldi	r24, 0x26	; 38
     d96:	90 e0       	ldi	r25, 0x00	; 0
     d98:	20 68       	ori	r18, 0x80	; 128
     d9a:	fc 01       	movw	r30, r24
     d9c:	20 83       	st	Z, r18
}
     d9e:	00 00       	nop
     da0:	df 91       	pop	r29
     da2:	cf 91       	pop	r28
     da4:	08 95       	ret

00000da6 <ADC_Disable>:
void ADC_Disable()
{
     da6:	cf 93       	push	r28
     da8:	df 93       	push	r29
     daa:	cd b7       	in	r28, 0x3d	; 61
     dac:	de b7       	in	r29, 0x3e	; 62
    ClearBit(ADCSRA_Reg,ADEN);
     dae:	86 e2       	ldi	r24, 0x26	; 38
     db0:	90 e0       	ldi	r25, 0x00	; 0
     db2:	fc 01       	movw	r30, r24
     db4:	20 81       	ld	r18, Z
     db6:	86 e2       	ldi	r24, 0x26	; 38
     db8:	90 e0       	ldi	r25, 0x00	; 0
     dba:	2f 77       	andi	r18, 0x7F	; 127
     dbc:	fc 01       	movw	r30, r24
     dbe:	20 83       	st	Z, r18
}
     dc0:	00 00       	nop
     dc2:	df 91       	pop	r29
     dc4:	cf 91       	pop	r28
     dc6:	08 95       	ret

00000dc8 <ADC_EnableInterrupt>:
void ADC_EnableInterrupt()
{
     dc8:	cf 93       	push	r28
     dca:	df 93       	push	r29
     dcc:	cd b7       	in	r28, 0x3d	; 61
     dce:	de b7       	in	r29, 0x3e	; 62
    SetBit(ADCSRA_Reg,ADIE);
     dd0:	86 e2       	ldi	r24, 0x26	; 38
     dd2:	90 e0       	ldi	r25, 0x00	; 0
     dd4:	fc 01       	movw	r30, r24
     dd6:	20 81       	ld	r18, Z
     dd8:	86 e2       	ldi	r24, 0x26	; 38
     dda:	90 e0       	ldi	r25, 0x00	; 0
     ddc:	28 60       	ori	r18, 0x08	; 8
     dde:	fc 01       	movw	r30, r24
     de0:	20 83       	st	Z, r18
}
     de2:	00 00       	nop
     de4:	df 91       	pop	r29
     de6:	cf 91       	pop	r28
     de8:	08 95       	ret

00000dea <ADC_DisableInterrupt>:
void ADC_DisableInterrupt()
{
     dea:	cf 93       	push	r28
     dec:	df 93       	push	r29
     dee:	cd b7       	in	r28, 0x3d	; 61
     df0:	de b7       	in	r29, 0x3e	; 62
    ClearBit(ADCSRA_Reg,ADIE);
     df2:	86 e2       	ldi	r24, 0x26	; 38
     df4:	90 e0       	ldi	r25, 0x00	; 0
     df6:	fc 01       	movw	r30, r24
     df8:	20 81       	ld	r18, Z
     dfa:	86 e2       	ldi	r24, 0x26	; 38
     dfc:	90 e0       	ldi	r25, 0x00	; 0
     dfe:	27 7f       	andi	r18, 0xF7	; 247
     e00:	fc 01       	movw	r30, r24
     e02:	20 83       	st	Z, r18
}
     e04:	00 00       	nop
     e06:	df 91       	pop	r29
     e08:	cf 91       	pop	r28
     e0a:	08 95       	ret

00000e0c <ADC_SelectChannel>:

static void ADC_SelectChannel(uint8_t Channel)
{
     e0c:	cf 93       	push	r28
     e0e:	df 93       	push	r29
     e10:	1f 92       	push	r1
     e12:	cd b7       	in	r28, 0x3d	; 61
     e14:	de b7       	in	r29, 0x3e	; 62
     e16:	89 83       	std	Y+1, r24	; 0x01
    /* pseudo-code & Steps:
     * //! 1. Clear Channel Bits in ADMUX (4:0) => (ADMUX_Reg&~Adc_ChannelMask)
     * //! 2. Make Sure the Channel Var with in Range (31:0)  (Channel & Adc_ChannelMask)
     * //! 3. Apply the New Channel 
     * */
    ADMUX_Reg = (ADMUX_Reg&~Adc_ChannelMask)| (Channel & Adc_ChannelMask);
     e18:	87 e2       	ldi	r24, 0x27	; 39
     e1a:	90 e0       	ldi	r25, 0x00	; 0
     e1c:	fc 01       	movw	r30, r24
     e1e:	80 81       	ld	r24, Z
     e20:	98 2f       	mov	r25, r24
     e22:	90 7e       	andi	r25, 0xE0	; 224
     e24:	89 81       	ldd	r24, Y+1	; 0x01
     e26:	8f 71       	andi	r24, 0x1F	; 31
     e28:	29 2f       	mov	r18, r25
     e2a:	28 2b       	or	r18, r24
     e2c:	87 e2       	ldi	r24, 0x27	; 39
     e2e:	90 e0       	ldi	r25, 0x00	; 0
     e30:	fc 01       	movw	r30, r24
     e32:	20 83       	st	Z, r18
}
     e34:	00 00       	nop
     e36:	0f 90       	pop	r0
     e38:	df 91       	pop	r29
     e3a:	cf 91       	pop	r28
     e3c:	08 95       	ret

00000e3e <ADC_Read>:
uint8_t ADC_Read(uint8_t Channel,uint16_t *DigitalValue, uint32_t MaxTimeOut)
{
     e3e:	cf 93       	push	r28
     e40:	df 93       	push	r29
     e42:	cd b7       	in	r28, 0x3d	; 61
     e44:	de b7       	in	r29, 0x3e	; 62
     e46:	2b 97       	sbiw	r28, 0x0b	; 11
     e48:	0f b6       	in	r0, 0x3f	; 63
     e4a:	f8 94       	cli
     e4c:	de bf       	out	0x3e, r29	; 62
     e4e:	0f be       	out	0x3f, r0	; 63
     e50:	cd bf       	out	0x3d, r28	; 61
     e52:	8d 83       	std	Y+5, r24	; 0x05
     e54:	7f 83       	std	Y+7, r23	; 0x07
     e56:	6e 83       	std	Y+6, r22	; 0x06
     e58:	28 87       	std	Y+8, r18	; 0x08
     e5a:	39 87       	std	Y+9, r19	; 0x09
     e5c:	4a 87       	std	Y+10, r20	; 0x0a
     e5e:	5b 87       	std	Y+11, r21	; 0x0b
     * //! 3. Start Conversion 
     * //! 3. Update the Driver State to Busy  
     * //! 3. Start Conversion 
     * 
     * */  
    uint32_t LocalTimeOut = 0 ;
     e60:	19 82       	std	Y+1, r1	; 0x01
     e62:	1a 82       	std	Y+2, r1	; 0x02
     e64:	1b 82       	std	Y+3, r1	; 0x03
     e66:	1c 82       	std	Y+4, r1	; 0x04
    if (DigitalValue==NULL)
     e68:	8e 81       	ldd	r24, Y+6	; 0x06
     e6a:	9f 81       	ldd	r25, Y+7	; 0x07
     e6c:	89 2b       	or	r24, r25
     e6e:	11 f4       	brne	.+4      	; 0xe74 <ADC_Read+0x36>
    {
        return Adc_NullPointerErr;
     e70:	81 e0       	ldi	r24, 0x01	; 1
     e72:	36 c0       	rjmp	.+108    	; 0xee0 <ADC_Read+0xa2>
    }
    if(Channel> Adc_SingleEndedChannel7)
     e74:	8d 81       	ldd	r24, Y+5	; 0x05
     e76:	88 30       	cpi	r24, 0x08	; 8
     e78:	10 f0       	brcs	.+4      	; 0xe7e <ADC_Read+0x40>
    {
        return Adc_InvalidChannelErr;
     e7a:	82 e0       	ldi	r24, 0x02	; 2
     e7c:	31 c0       	rjmp	.+98     	; 0xee0 <ADC_Read+0xa2>
    }
    if(ADC_State== Adc_Uninitialized)
     e7e:	80 91 88 00 	lds	r24, 0x0088	; 0x800088 <ADC_State>
     e82:	88 23       	and	r24, r24
     e84:	11 f4       	brne	.+4      	; 0xe8a <ADC_Read+0x4c>
    {
        return Adc_NotInitializedErr;
     e86:	83 e0       	ldi	r24, 0x03	; 3
     e88:	2b c0       	rjmp	.+86     	; 0xee0 <ADC_Read+0xa2>
    }
    ADC_SelectChannel(Channel);
     e8a:	8d 81       	ldd	r24, Y+5	; 0x05
     e8c:	0e 94 06 07 	call	0xe0c	; 0xe0c <ADC_SelectChannel>
    SetBit(ADCSRA_Reg,ADSC);
     e90:	86 e2       	ldi	r24, 0x26	; 38
     e92:	90 e0       	ldi	r25, 0x00	; 0
     e94:	fc 01       	movw	r30, r24
     e96:	20 81       	ld	r18, Z
     e98:	86 e2       	ldi	r24, 0x26	; 38
     e9a:	90 e0       	ldi	r25, 0x00	; 0
     e9c:	20 64       	ori	r18, 0x40	; 64
     e9e:	fc 01       	movw	r30, r24
     ea0:	20 83       	st	Z, r18
    ADC_State = Adc_Busy;
     ea2:	82 e0       	ldi	r24, 0x02	; 2
     ea4:	80 93 88 00 	sts	0x0088, r24	; 0x800088 <ADC_State>
    // waiting  until conversion Finish -> Flag Set 
    while(ReadBit(ADCSRA_Reg,ADIF)==0)
     ea8:	00 00       	nop
     eaa:	86 e2       	ldi	r24, 0x26	; 38
     eac:	90 e0       	ldi	r25, 0x00	; 0
     eae:	fc 01       	movw	r30, r24
     eb0:	80 81       	ld	r24, Z
            return Adc_TimerOutErr;
        }
        LocalTimeOut++;
    }
    // Clear Flag Manual 
    SetBit(ADCSRA_Reg,ADIF);
     eb2:	86 e2       	ldi	r24, 0x26	; 38
     eb4:	90 e0       	ldi	r25, 0x00	; 0
     eb6:	fc 01       	movw	r30, r24
     eb8:	20 81       	ld	r18, Z
     eba:	86 e2       	ldi	r24, 0x26	; 38
     ebc:	90 e0       	ldi	r25, 0x00	; 0
     ebe:	20 61       	ori	r18, 0x10	; 16
     ec0:	fc 01       	movw	r30, r24
     ec2:	20 83       	st	Z, r18
    // Return Value 
    *DigitalValue = ADCData_Reg;
     ec4:	84 e2       	ldi	r24, 0x24	; 36
     ec6:	90 e0       	ldi	r25, 0x00	; 0
     ec8:	fc 01       	movw	r30, r24
     eca:	20 81       	ld	r18, Z
     ecc:	31 81       	ldd	r19, Z+1	; 0x01
     ece:	8e 81       	ldd	r24, Y+6	; 0x06
     ed0:	9f 81       	ldd	r25, Y+7	; 0x07
     ed2:	fc 01       	movw	r30, r24
     ed4:	31 83       	std	Z+1, r19	; 0x01
     ed6:	20 83       	st	Z, r18
    ADC_State = Adc_Idle;
     ed8:	81 e0       	ldi	r24, 0x01	; 1
     eda:	80 93 88 00 	sts	0x0088, r24	; 0x800088 <ADC_State>
    return (Adc_Ok);
     ede:	80 e0       	ldi	r24, 0x00	; 0

}
     ee0:	2b 96       	adiw	r28, 0x0b	; 11
     ee2:	0f b6       	in	r0, 0x3f	; 63
     ee4:	f8 94       	cli
     ee6:	de bf       	out	0x3e, r29	; 62
     ee8:	0f be       	out	0x3f, r0	; 63
     eea:	cd bf       	out	0x3d, r28	; 61
     eec:	df 91       	pop	r29
     eee:	cf 91       	pop	r28
     ef0:	08 95       	ret

00000ef2 <ADC_GetStatus>:

uint8_t ADC_GetStatus()
{
     ef2:	cf 93       	push	r28
     ef4:	df 93       	push	r29
     ef6:	cd b7       	in	r28, 0x3d	; 61
     ef8:	de b7       	in	r29, 0x3e	; 62
    return ADC_State;
     efa:	80 91 88 00 	lds	r24, 0x0088	; 0x800088 <ADC_State>
}
     efe:	df 91       	pop	r29
     f00:	cf 91       	pop	r28
     f02:	08 95       	ret

00000f04 <SSD_Init>:
    Anode_Nine  , 
};


void SSD_Init(uint8_t SSD_ID)
{
     f04:	cf 93       	push	r28
     f06:	df 93       	push	r29
     f08:	1f 92       	push	r1
     f0a:	cd b7       	in	r28, 0x3d	; 61
     f0c:	de b7       	in	r29, 0x3e	; 62
     f0e:	89 83       	std	Y+1, r24	; 0x01
    if(SSD_ID==SSD1)
     f10:	89 81       	ldd	r24, Y+1	; 0x01
     f12:	81 30       	cpi	r24, 0x01	; 1
     f14:	29 f4       	brne	.+10     	; 0xf20 <SSD_Init+0x1c>
    {
        DIO_DirectionSelectForGroup(SSD1Group,DIO_AllOutput);
     f16:	6f ef       	ldi	r22, 0xFF	; 255
     f18:	81 e0       	ldi	r24, 0x01	; 1
     f1a:	0e 94 90 03 	call	0x720	; 0x720 <DIO_DirectionSelectForGroup>
    }
    else
    {

    }
}
     f1e:	07 c0       	rjmp	.+14     	; 0xf2e <SSD_Init+0x2a>
{
    if(SSD_ID==SSD1)
    {
        DIO_DirectionSelectForGroup(SSD1Group,DIO_AllOutput);
    }
    else if (SSD_ID==SSD2)
     f20:	89 81       	ldd	r24, Y+1	; 0x01
     f22:	82 30       	cpi	r24, 0x02	; 2
     f24:	21 f4       	brne	.+8      	; 0xf2e <SSD_Init+0x2a>
    {
        DIO_DirectionSelectForGroup(SSD2Group,DIO_AllOutput);
     f26:	6f ef       	ldi	r22, 0xFF	; 255
     f28:	83 e0       	ldi	r24, 0x03	; 3
     f2a:	0e 94 90 03 	call	0x720	; 0x720 <DIO_DirectionSelectForGroup>
    }
    else
    {

    }
}
     f2e:	00 00       	nop
     f30:	0f 90       	pop	r0
     f32:	df 91       	pop	r29
     f34:	cf 91       	pop	r28
     f36:	08 95       	ret

00000f38 <SSD_DisplayNo>:

void SSD_DisplayNo(uint8_t SSD_ID , uint8_t Number)
{
     f38:	cf 93       	push	r28
     f3a:	df 93       	push	r29
     f3c:	00 d0       	rcall	.+0      	; 0xf3e <SSD_DisplayNo+0x6>
     f3e:	cd b7       	in	r28, 0x3d	; 61
     f40:	de b7       	in	r29, 0x3e	; 62
     f42:	89 83       	std	Y+1, r24	; 0x01
     f44:	6a 83       	std	Y+2, r22	; 0x02
    if(Number<SSDMaxNumber)
     f46:	8a 81       	ldd	r24, Y+2	; 0x02
     f48:	8a 30       	cpi	r24, 0x0A	; 10
     f4a:	e8 f4       	brcc	.+58     	; 0xf86 <SSD_DisplayNo+0x4e>
    {
        if(SSD_ID==SSD1)
     f4c:	89 81       	ldd	r24, Y+1	; 0x01
     f4e:	81 30       	cpi	r24, 0x01	; 1
     f50:	61 f4       	brne	.+24     	; 0xf6a <SSD_DisplayNo+0x32>
        {
            DIO_WriteForGroup(SSD1Group,SSDAnodeNumber[Number]);
     f52:	8a 81       	ldd	r24, Y+2	; 0x02
     f54:	88 2f       	mov	r24, r24
     f56:	90 e0       	ldi	r25, 0x00	; 0
     f58:	8e 59       	subi	r24, 0x9E	; 158
     f5a:	9f 4f       	sbci	r25, 0xFF	; 255
     f5c:	fc 01       	movw	r30, r24
     f5e:	80 81       	ld	r24, Z
     f60:	68 2f       	mov	r22, r24
     f62:	81 e0       	ldi	r24, 0x01	; 1
     f64:	0e 94 c7 03 	call	0x78e	; 0x78e <DIO_WriteForGroup>
        {
            DIO_WriteForGroup(SSD2Group,SSDAnodeNumber[Number]);
        }   
    }

}
     f68:	0e c0       	rjmp	.+28     	; 0xf86 <SSD_DisplayNo+0x4e>
    {
        if(SSD_ID==SSD1)
        {
            DIO_WriteForGroup(SSD1Group,SSDAnodeNumber[Number]);
        }
        else if(SSD_ID==SSD2)
     f6a:	89 81       	ldd	r24, Y+1	; 0x01
     f6c:	82 30       	cpi	r24, 0x02	; 2
     f6e:	59 f4       	brne	.+22     	; 0xf86 <SSD_DisplayNo+0x4e>
        {
            DIO_WriteForGroup(SSD2Group,SSDAnodeNumber[Number]);
     f70:	8a 81       	ldd	r24, Y+2	; 0x02
     f72:	88 2f       	mov	r24, r24
     f74:	90 e0       	ldi	r25, 0x00	; 0
     f76:	8e 59       	subi	r24, 0x9E	; 158
     f78:	9f 4f       	sbci	r25, 0xFF	; 255
     f7a:	fc 01       	movw	r30, r24
     f7c:	80 81       	ld	r24, Z
     f7e:	68 2f       	mov	r22, r24
     f80:	83 e0       	ldi	r24, 0x03	; 3
     f82:	0e 94 c7 03 	call	0x78e	; 0x78e <DIO_WriteForGroup>
        }   
    }

}
     f86:	00 00       	nop
     f88:	0f 90       	pop	r0
     f8a:	0f 90       	pop	r0
     f8c:	df 91       	pop	r29
     f8e:	cf 91       	pop	r28
     f90:	08 95       	ret

00000f92 <Led_Init>:
#include "Led_Interface.h"

void Led_Init(uint8_t LedGroup,uint8_t LedPin)
{
     f92:	cf 93       	push	r28
     f94:	df 93       	push	r29
     f96:	00 d0       	rcall	.+0      	; 0xf98 <Led_Init+0x6>
     f98:	cd b7       	in	r28, 0x3d	; 61
     f9a:	de b7       	in	r29, 0x3e	; 62
     f9c:	89 83       	std	Y+1, r24	; 0x01
     f9e:	6a 83       	std	Y+2, r22	; 0x02
    DIO_DirectionSelectForPin(LedGroup,LedPin,DIO_High);
     fa0:	41 e0       	ldi	r20, 0x01	; 1
     fa2:	6a 81       	ldd	r22, Y+2	; 0x02
     fa4:	89 81       	ldd	r24, Y+1	; 0x01
     fa6:	0e 94 9a 02 	call	0x534	; 0x534 <DIO_DirectionSelectForPin>
}
     faa:	00 00       	nop
     fac:	0f 90       	pop	r0
     fae:	0f 90       	pop	r0
     fb0:	df 91       	pop	r29
     fb2:	cf 91       	pop	r28
     fb4:	08 95       	ret

00000fb6 <Led_On>:

void Led_On(uint8_t LedGroup,uint8_t LedPin,uint8_t ConnectionType)
{
     fb6:	cf 93       	push	r28
     fb8:	df 93       	push	r29
     fba:	00 d0       	rcall	.+0      	; 0xfbc <Led_On+0x6>
     fbc:	1f 92       	push	r1
     fbe:	cd b7       	in	r28, 0x3d	; 61
     fc0:	de b7       	in	r29, 0x3e	; 62
     fc2:	89 83       	std	Y+1, r24	; 0x01
     fc4:	6a 83       	std	Y+2, r22	; 0x02
     fc6:	4b 83       	std	Y+3, r20	; 0x03
    DIO_WriteForPin(DIO_GroupB,DIO_Pin3,DIO_Low);
     fc8:	40 e0       	ldi	r20, 0x00	; 0
     fca:	63 e0       	ldi	r22, 0x03	; 3
     fcc:	82 e0       	ldi	r24, 0x02	; 2
     fce:	0e 94 fe 03 	call	0x7fc	; 0x7fc <DIO_WriteForPin>
    if(ConnectionType==Led_SourceConnection)
     fd2:	8b 81       	ldd	r24, Y+3	; 0x03
     fd4:	81 30       	cpi	r24, 0x01	; 1
     fd6:	31 f4       	brne	.+12     	; 0xfe4 <Led_On+0x2e>
    {
        DIO_WriteForPin(LedGroup,LedPin,DIO_High);
     fd8:	41 e0       	ldi	r20, 0x01	; 1
     fda:	6a 81       	ldd	r22, Y+2	; 0x02
     fdc:	89 81       	ldd	r24, Y+1	; 0x01
     fde:	0e 94 fe 03 	call	0x7fc	; 0x7fc <DIO_WriteForPin>
     fe2:	08 c0       	rjmp	.+16     	; 0xff4 <Led_On+0x3e>
    }
    else if (ConnectionType==Led_SinkConnection)
     fe4:	8b 81       	ldd	r24, Y+3	; 0x03
     fe6:	88 23       	and	r24, r24
     fe8:	29 f4       	brne	.+10     	; 0xff4 <Led_On+0x3e>
    {
        DIO_WriteForPin(LedGroup,LedPin,DIO_Low);
     fea:	40 e0       	ldi	r20, 0x00	; 0
     fec:	6a 81       	ldd	r22, Y+2	; 0x02
     fee:	89 81       	ldd	r24, Y+1	; 0x01
     ff0:	0e 94 fe 03 	call	0x7fc	; 0x7fc <DIO_WriteForPin>
    }
    else
    {

    }
    DIO_WriteForPin(DIO_GroupB,DIO_Pin3,DIO_High);
     ff4:	41 e0       	ldi	r20, 0x01	; 1
     ff6:	63 e0       	ldi	r22, 0x03	; 3
     ff8:	82 e0       	ldi	r24, 0x02	; 2
     ffa:	0e 94 fe 03 	call	0x7fc	; 0x7fc <DIO_WriteForPin>

}
     ffe:	00 00       	nop
    1000:	0f 90       	pop	r0
    1002:	0f 90       	pop	r0
    1004:	0f 90       	pop	r0
    1006:	df 91       	pop	r29
    1008:	cf 91       	pop	r28
    100a:	08 95       	ret

0000100c <Led_Off>:

void Led_Off(uint8_t LedGroup,uint8_t LedPin,uint8_t ConnectionType)
{
    100c:	cf 93       	push	r28
    100e:	df 93       	push	r29
    1010:	00 d0       	rcall	.+0      	; 0x1012 <Led_Off+0x6>
    1012:	1f 92       	push	r1
    1014:	cd b7       	in	r28, 0x3d	; 61
    1016:	de b7       	in	r29, 0x3e	; 62
    1018:	89 83       	std	Y+1, r24	; 0x01
    101a:	6a 83       	std	Y+2, r22	; 0x02
    101c:	4b 83       	std	Y+3, r20	; 0x03
    if(ConnectionType==Led_SourceConnection)
    101e:	8b 81       	ldd	r24, Y+3	; 0x03
    1020:	81 30       	cpi	r24, 0x01	; 1
    1022:	31 f4       	brne	.+12     	; 0x1030 <Led_Off+0x24>
    {
        DIO_WriteForPin(LedGroup,LedPin,DIO_Low);
    1024:	40 e0       	ldi	r20, 0x00	; 0
    1026:	6a 81       	ldd	r22, Y+2	; 0x02
    1028:	89 81       	ldd	r24, Y+1	; 0x01
    102a:	0e 94 fe 03 	call	0x7fc	; 0x7fc <DIO_WriteForPin>
    }
    else
    {

    }
}
    102e:	08 c0       	rjmp	.+16     	; 0x1040 <Led_Off+0x34>
{
    if(ConnectionType==Led_SourceConnection)
    {
        DIO_WriteForPin(LedGroup,LedPin,DIO_Low);
    }
    else if (ConnectionType==Led_SinkConnection)
    1030:	8b 81       	ldd	r24, Y+3	; 0x03
    1032:	88 23       	and	r24, r24
    1034:	29 f4       	brne	.+10     	; 0x1040 <Led_Off+0x34>
    {
        DIO_WriteForPin(LedGroup,LedPin,DIO_High);
    1036:	41 e0       	ldi	r20, 0x01	; 1
    1038:	6a 81       	ldd	r22, Y+2	; 0x02
    103a:	89 81       	ldd	r24, Y+1	; 0x01
    103c:	0e 94 fe 03 	call	0x7fc	; 0x7fc <DIO_WriteForPin>
    }
    else
    {

    }
}
    1040:	00 00       	nop
    1042:	0f 90       	pop	r0
    1044:	0f 90       	pop	r0
    1046:	0f 90       	pop	r0
    1048:	df 91       	pop	r29
    104a:	cf 91       	pop	r28
    104c:	08 95       	ret

0000104e <Led_Toggle>:

void Led_Toggle(uint8_t LedGroup,uint8_t LedPin)
{
    104e:	cf 93       	push	r28
    1050:	df 93       	push	r29
    1052:	00 d0       	rcall	.+0      	; 0x1054 <Led_Toggle+0x6>
    1054:	cd b7       	in	r28, 0x3d	; 61
    1056:	de b7       	in	r29, 0x3e	; 62
    1058:	89 83       	std	Y+1, r24	; 0x01
    105a:	6a 83       	std	Y+2, r22	; 0x02
    DIO_ToggleForPin(LedGroup,LedPin);
    105c:	6a 81       	ldd	r22, Y+2	; 0x02
    105e:	89 81       	ldd	r24, Y+1	; 0x01
    1060:	0e 94 c1 05 	call	0xb82	; 0xb82 <DIO_ToggleForPin>
    1064:	00 00       	nop
    1066:	0f 90       	pop	r0
    1068:	0f 90       	pop	r0
    106a:	df 91       	pop	r29
    106c:	cf 91       	pop	r28
    106e:	08 95       	ret

00001070 <LCD_Init>:
 */
#include "LCD_Interface.h"
#include <util/delay.h>

void LCD_Init()
{
    1070:	cf 93       	push	r28
    1072:	df 93       	push	r29
    1074:	cd b7       	in	r28, 0x3d	; 61
    1076:	de b7       	in	r29, 0x3e	; 62
    1078:	e8 97       	sbiw	r28, 0x38	; 56
    107a:	0f b6       	in	r0, 0x3f	; 63
    107c:	f8 94       	cli
    107e:	de bf       	out	0x3e, r29	; 62
    1080:	0f be       	out	0x3f, r0	; 63
    1082:	cd bf       	out	0x3d, r28	; 61
    #if LCD_Mode== Lcd_8BitMode
        DIO_DirectionSelectForPin(RSGroup,RSPin,DIO_Output);
    1084:	41 e0       	ldi	r20, 0x01	; 1
    1086:	60 e0       	ldi	r22, 0x00	; 0
    1088:	81 e0       	ldi	r24, 0x01	; 1
    108a:	0e 94 9a 02 	call	0x534	; 0x534 <DIO_DirectionSelectForPin>
        DIO_DirectionSelectForPin(RWGroup,RWPin,DIO_Output);
    108e:	41 e0       	ldi	r20, 0x01	; 1
    1090:	61 e0       	ldi	r22, 0x01	; 1
    1092:	81 e0       	ldi	r24, 0x01	; 1
    1094:	0e 94 9a 02 	call	0x534	; 0x534 <DIO_DirectionSelectForPin>
        DIO_DirectionSelectForPin(EGroup,EPin,DIO_Output);
    1098:	41 e0       	ldi	r20, 0x01	; 1
    109a:	62 e0       	ldi	r22, 0x02	; 2
    109c:	81 e0       	ldi	r24, 0x01	; 1
    109e:	0e 94 9a 02 	call	0x534	; 0x534 <DIO_DirectionSelectForPin>
        DIO_DirectionSelectForGroup(DataGroup,DIO_AllHigh);
    10a2:	6f ef       	ldi	r22, 0xFF	; 255
    10a4:	83 e0       	ldi	r24, 0x03	; 3
    10a6:	0e 94 90 03 	call	0x720	; 0x720 <DIO_DirectionSelectForGroup>
    10aa:	80 e0       	ldi	r24, 0x00	; 0
    10ac:	90 e0       	ldi	r25, 0x00	; 0
    10ae:	ac e0       	ldi	r26, 0x0C	; 12
    10b0:	b2 e4       	ldi	r27, 0x42	; 66
    10b2:	8b a7       	std	Y+43, r24	; 0x2b
    10b4:	9c a7       	std	Y+44, r25	; 0x2c
    10b6:	ad a7       	std	Y+45, r26	; 0x2d
    10b8:	be a7       	std	Y+46, r27	; 0x2e

	__builtin_avr_delay_cycles(__ticks_dc);

#else
	uint16_t __ticks;
	__tmp = ((F_CPU) / 4e3) * __ms;
    10ba:	20 e0       	ldi	r18, 0x00	; 0
    10bc:	30 e0       	ldi	r19, 0x00	; 0
    10be:	4a ef       	ldi	r20, 0xFA	; 250
    10c0:	54 e4       	ldi	r21, 0x44	; 68
    10c2:	6b a5       	ldd	r22, Y+43	; 0x2b
    10c4:	7c a5       	ldd	r23, Y+44	; 0x2c
    10c6:	8d a5       	ldd	r24, Y+45	; 0x2d
    10c8:	9e a5       	ldd	r25, Y+46	; 0x2e
    10ca:	0e 94 0d 11 	call	0x221a	; 0x221a <__mulsf3>
    10ce:	dc 01       	movw	r26, r24
    10d0:	cb 01       	movw	r24, r22
    10d2:	8f a7       	std	Y+47, r24	; 0x2f
    10d4:	98 ab       	std	Y+48, r25	; 0x30
    10d6:	a9 ab       	std	Y+49, r26	; 0x31
    10d8:	ba ab       	std	Y+50, r27	; 0x32
	if (__tmp < 1.0)
    10da:	20 e0       	ldi	r18, 0x00	; 0
    10dc:	30 e0       	ldi	r19, 0x00	; 0
    10de:	40 e8       	ldi	r20, 0x80	; 128
    10e0:	5f e3       	ldi	r21, 0x3F	; 63
    10e2:	6f a5       	ldd	r22, Y+47	; 0x2f
    10e4:	78 a9       	ldd	r23, Y+48	; 0x30
    10e6:	89 a9       	ldd	r24, Y+49	; 0x31
    10e8:	9a a9       	ldd	r25, Y+50	; 0x32
    10ea:	0e 94 87 10 	call	0x210e	; 0x210e <__cmpsf2>
    10ee:	88 23       	and	r24, r24
    10f0:	2c f4       	brge	.+10     	; 0x10fc <LCD_Init+0x8c>
		__ticks = 1;
    10f2:	81 e0       	ldi	r24, 0x01	; 1
    10f4:	90 e0       	ldi	r25, 0x00	; 0
    10f6:	9c ab       	std	Y+52, r25	; 0x34
    10f8:	8b ab       	std	Y+51, r24	; 0x33
    10fa:	3f c0       	rjmp	.+126    	; 0x117a <LCD_Init+0x10a>
	else if (__tmp > 65535)
    10fc:	20 e0       	ldi	r18, 0x00	; 0
    10fe:	3f ef       	ldi	r19, 0xFF	; 255
    1100:	4f e7       	ldi	r20, 0x7F	; 127
    1102:	57 e4       	ldi	r21, 0x47	; 71
    1104:	6f a5       	ldd	r22, Y+47	; 0x2f
    1106:	78 a9       	ldd	r23, Y+48	; 0x30
    1108:	89 a9       	ldd	r24, Y+49	; 0x31
    110a:	9a a9       	ldd	r25, Y+50	; 0x32
    110c:	0e 94 08 11 	call	0x2210	; 0x2210 <__gesf2>
    1110:	18 16       	cp	r1, r24
    1112:	4c f5       	brge	.+82     	; 0x1166 <LCD_Init+0xf6>
	{
		//	__ticks = requested delay in 1/10 ms
		__ticks = (uint16_t) (__ms * 10.0);
    1114:	20 e0       	ldi	r18, 0x00	; 0
    1116:	30 e0       	ldi	r19, 0x00	; 0
    1118:	40 e2       	ldi	r20, 0x20	; 32
    111a:	51 e4       	ldi	r21, 0x41	; 65
    111c:	6b a5       	ldd	r22, Y+43	; 0x2b
    111e:	7c a5       	ldd	r23, Y+44	; 0x2c
    1120:	8d a5       	ldd	r24, Y+45	; 0x2d
    1122:	9e a5       	ldd	r25, Y+46	; 0x2e
    1124:	0e 94 0d 11 	call	0x221a	; 0x221a <__mulsf3>
    1128:	dc 01       	movw	r26, r24
    112a:	cb 01       	movw	r24, r22
    112c:	bc 01       	movw	r22, r24
    112e:	cd 01       	movw	r24, r26
    1130:	0e 94 8c 10 	call	0x2118	; 0x2118 <__fixunssfsi>
    1134:	dc 01       	movw	r26, r24
    1136:	cb 01       	movw	r24, r22
    1138:	9c ab       	std	Y+52, r25	; 0x34
    113a:	8b ab       	std	Y+51, r24	; 0x33
    113c:	0f c0       	rjmp	.+30     	; 0x115c <LCD_Init+0xec>
    113e:	88 ec       	ldi	r24, 0xC8	; 200
    1140:	90 e0       	ldi	r25, 0x00	; 0
    1142:	9e ab       	std	Y+54, r25	; 0x36
    1144:	8d ab       	std	Y+53, r24	; 0x35
    milliseconds can be achieved.
 */
void
_delay_loop_2(uint16_t __count)
{
	__asm__ volatile (
    1146:	8d a9       	ldd	r24, Y+53	; 0x35
    1148:	9e a9       	ldd	r25, Y+54	; 0x36
    114a:	01 97       	sbiw	r24, 0x01	; 1
    114c:	f1 f7       	brne	.-4      	; 0x114a <LCD_Init+0xda>
    114e:	9e ab       	std	Y+54, r25	; 0x36
    1150:	8d ab       	std	Y+53, r24	; 0x35
		while(__ticks)
		{
			// wait 1/10 ms
			_delay_loop_2(((F_CPU) / 4e3) / 10);
			__ticks --;
    1152:	8b a9       	ldd	r24, Y+51	; 0x33
    1154:	9c a9       	ldd	r25, Y+52	; 0x34
    1156:	01 97       	sbiw	r24, 0x01	; 1
    1158:	9c ab       	std	Y+52, r25	; 0x34
    115a:	8b ab       	std	Y+51, r24	; 0x33
		__ticks = 1;
	else if (__tmp > 65535)
	{
		//	__ticks = requested delay in 1/10 ms
		__ticks = (uint16_t) (__ms * 10.0);
		while(__ticks)
    115c:	8b a9       	ldd	r24, Y+51	; 0x33
    115e:	9c a9       	ldd	r25, Y+52	; 0x34
    1160:	89 2b       	or	r24, r25
    1162:	69 f7       	brne	.-38     	; 0x113e <LCD_Init+0xce>
    1164:	14 c0       	rjmp	.+40     	; 0x118e <LCD_Init+0x11e>
			__ticks --;
		}
		return;
	}
	else
		__ticks = (uint16_t)__tmp;
    1166:	6f a5       	ldd	r22, Y+47	; 0x2f
    1168:	78 a9       	ldd	r23, Y+48	; 0x30
    116a:	89 a9       	ldd	r24, Y+49	; 0x31
    116c:	9a a9       	ldd	r25, Y+50	; 0x32
    116e:	0e 94 8c 10 	call	0x2118	; 0x2118 <__fixunssfsi>
    1172:	dc 01       	movw	r26, r24
    1174:	cb 01       	movw	r24, r22
    1176:	9c ab       	std	Y+52, r25	; 0x34
    1178:	8b ab       	std	Y+51, r24	; 0x33
    117a:	8b a9       	ldd	r24, Y+51	; 0x33
    117c:	9c a9       	ldd	r25, Y+52	; 0x34
    117e:	98 af       	std	Y+56, r25	; 0x38
    1180:	8f ab       	std	Y+55, r24	; 0x37
    1182:	8f a9       	ldd	r24, Y+55	; 0x37
    1184:	98 ad       	ldd	r25, Y+56	; 0x38
    1186:	01 97       	sbiw	r24, 0x01	; 1
    1188:	f1 f7       	brne	.-4      	; 0x1186 <LCD_Init+0x116>
    118a:	98 af       	std	Y+56, r25	; 0x38
    118c:	8f ab       	std	Y+55, r24	; 0x37
        /*Init*/
        // 1- wait for 30 msec 
            _delay_ms(35);
        // 2- sent the function set 
            LCD_SendCommand(Lcd_FunctionSet);
    118e:	88 e3       	ldi	r24, 0x38	; 56
    1190:	0e 94 33 0a 	call	0x1466	; 0x1466 <LCD_SendCommand>
    1194:	80 e0       	ldi	r24, 0x00	; 0
    1196:	90 e0       	ldi	r25, 0x00	; 0
    1198:	a0 e8       	ldi	r26, 0x80	; 128
    119a:	bf e3       	ldi	r27, 0x3F	; 63
    119c:	8d 8f       	std	Y+29, r24	; 0x1d
    119e:	9e 8f       	std	Y+30, r25	; 0x1e
    11a0:	af 8f       	std	Y+31, r26	; 0x1f
    11a2:	b8 a3       	std	Y+32, r27	; 0x20

	__builtin_avr_delay_cycles(__ticks_dc);

#else
	uint16_t __ticks;
	__tmp = ((F_CPU) / 4e3) * __ms;
    11a4:	20 e0       	ldi	r18, 0x00	; 0
    11a6:	30 e0       	ldi	r19, 0x00	; 0
    11a8:	4a ef       	ldi	r20, 0xFA	; 250
    11aa:	54 e4       	ldi	r21, 0x44	; 68
    11ac:	6d 8d       	ldd	r22, Y+29	; 0x1d
    11ae:	7e 8d       	ldd	r23, Y+30	; 0x1e
    11b0:	8f 8d       	ldd	r24, Y+31	; 0x1f
    11b2:	98 a1       	ldd	r25, Y+32	; 0x20
    11b4:	0e 94 0d 11 	call	0x221a	; 0x221a <__mulsf3>
    11b8:	dc 01       	movw	r26, r24
    11ba:	cb 01       	movw	r24, r22
    11bc:	89 a3       	std	Y+33, r24	; 0x21
    11be:	9a a3       	std	Y+34, r25	; 0x22
    11c0:	ab a3       	std	Y+35, r26	; 0x23
    11c2:	bc a3       	std	Y+36, r27	; 0x24
	if (__tmp < 1.0)
    11c4:	20 e0       	ldi	r18, 0x00	; 0
    11c6:	30 e0       	ldi	r19, 0x00	; 0
    11c8:	40 e8       	ldi	r20, 0x80	; 128
    11ca:	5f e3       	ldi	r21, 0x3F	; 63
    11cc:	69 a1       	ldd	r22, Y+33	; 0x21
    11ce:	7a a1       	ldd	r23, Y+34	; 0x22
    11d0:	8b a1       	ldd	r24, Y+35	; 0x23
    11d2:	9c a1       	ldd	r25, Y+36	; 0x24
    11d4:	0e 94 87 10 	call	0x210e	; 0x210e <__cmpsf2>
    11d8:	88 23       	and	r24, r24
    11da:	2c f4       	brge	.+10     	; 0x11e6 <LCD_Init+0x176>
		__ticks = 1;
    11dc:	81 e0       	ldi	r24, 0x01	; 1
    11de:	90 e0       	ldi	r25, 0x00	; 0
    11e0:	9e a3       	std	Y+38, r25	; 0x26
    11e2:	8d a3       	std	Y+37, r24	; 0x25
    11e4:	3f c0       	rjmp	.+126    	; 0x1264 <LCD_Init+0x1f4>
	else if (__tmp > 65535)
    11e6:	20 e0       	ldi	r18, 0x00	; 0
    11e8:	3f ef       	ldi	r19, 0xFF	; 255
    11ea:	4f e7       	ldi	r20, 0x7F	; 127
    11ec:	57 e4       	ldi	r21, 0x47	; 71
    11ee:	69 a1       	ldd	r22, Y+33	; 0x21
    11f0:	7a a1       	ldd	r23, Y+34	; 0x22
    11f2:	8b a1       	ldd	r24, Y+35	; 0x23
    11f4:	9c a1       	ldd	r25, Y+36	; 0x24
    11f6:	0e 94 08 11 	call	0x2210	; 0x2210 <__gesf2>
    11fa:	18 16       	cp	r1, r24
    11fc:	4c f5       	brge	.+82     	; 0x1250 <LCD_Init+0x1e0>
	{
		//	__ticks = requested delay in 1/10 ms
		__ticks = (uint16_t) (__ms * 10.0);
    11fe:	20 e0       	ldi	r18, 0x00	; 0
    1200:	30 e0       	ldi	r19, 0x00	; 0
    1202:	40 e2       	ldi	r20, 0x20	; 32
    1204:	51 e4       	ldi	r21, 0x41	; 65
    1206:	6d 8d       	ldd	r22, Y+29	; 0x1d
    1208:	7e 8d       	ldd	r23, Y+30	; 0x1e
    120a:	8f 8d       	ldd	r24, Y+31	; 0x1f
    120c:	98 a1       	ldd	r25, Y+32	; 0x20
    120e:	0e 94 0d 11 	call	0x221a	; 0x221a <__mulsf3>
    1212:	dc 01       	movw	r26, r24
    1214:	cb 01       	movw	r24, r22
    1216:	bc 01       	movw	r22, r24
    1218:	cd 01       	movw	r24, r26
    121a:	0e 94 8c 10 	call	0x2118	; 0x2118 <__fixunssfsi>
    121e:	dc 01       	movw	r26, r24
    1220:	cb 01       	movw	r24, r22
    1222:	9e a3       	std	Y+38, r25	; 0x26
    1224:	8d a3       	std	Y+37, r24	; 0x25
    1226:	0f c0       	rjmp	.+30     	; 0x1246 <LCD_Init+0x1d6>
    1228:	88 ec       	ldi	r24, 0xC8	; 200
    122a:	90 e0       	ldi	r25, 0x00	; 0
    122c:	98 a7       	std	Y+40, r25	; 0x28
    122e:	8f a3       	std	Y+39, r24	; 0x27
    1230:	8f a1       	ldd	r24, Y+39	; 0x27
    1232:	98 a5       	ldd	r25, Y+40	; 0x28
    1234:	01 97       	sbiw	r24, 0x01	; 1
    1236:	f1 f7       	brne	.-4      	; 0x1234 <LCD_Init+0x1c4>
    1238:	98 a7       	std	Y+40, r25	; 0x28
    123a:	8f a3       	std	Y+39, r24	; 0x27
		while(__ticks)
		{
			// wait 1/10 ms
			_delay_loop_2(((F_CPU) / 4e3) / 10);
			__ticks --;
    123c:	8d a1       	ldd	r24, Y+37	; 0x25
    123e:	9e a1       	ldd	r25, Y+38	; 0x26
    1240:	01 97       	sbiw	r24, 0x01	; 1
    1242:	9e a3       	std	Y+38, r25	; 0x26
    1244:	8d a3       	std	Y+37, r24	; 0x25
		__ticks = 1;
	else if (__tmp > 65535)
	{
		//	__ticks = requested delay in 1/10 ms
		__ticks = (uint16_t) (__ms * 10.0);
		while(__ticks)
    1246:	8d a1       	ldd	r24, Y+37	; 0x25
    1248:	9e a1       	ldd	r25, Y+38	; 0x26
    124a:	89 2b       	or	r24, r25
    124c:	69 f7       	brne	.-38     	; 0x1228 <LCD_Init+0x1b8>
    124e:	14 c0       	rjmp	.+40     	; 0x1278 <LCD_Init+0x208>
			__ticks --;
		}
		return;
	}
	else
		__ticks = (uint16_t)__tmp;
    1250:	69 a1       	ldd	r22, Y+33	; 0x21
    1252:	7a a1       	ldd	r23, Y+34	; 0x22
    1254:	8b a1       	ldd	r24, Y+35	; 0x23
    1256:	9c a1       	ldd	r25, Y+36	; 0x24
    1258:	0e 94 8c 10 	call	0x2118	; 0x2118 <__fixunssfsi>
    125c:	dc 01       	movw	r26, r24
    125e:	cb 01       	movw	r24, r22
    1260:	9e a3       	std	Y+38, r25	; 0x26
    1262:	8d a3       	std	Y+37, r24	; 0x25
    1264:	8d a1       	ldd	r24, Y+37	; 0x25
    1266:	9e a1       	ldd	r25, Y+38	; 0x26
    1268:	9a a7       	std	Y+42, r25	; 0x2a
    126a:	89 a7       	std	Y+41, r24	; 0x29
    126c:	89 a5       	ldd	r24, Y+41	; 0x29
    126e:	9a a5       	ldd	r25, Y+42	; 0x2a
    1270:	01 97       	sbiw	r24, 0x01	; 1
    1272:	f1 f7       	brne	.-4      	; 0x1270 <LCD_Init+0x200>
    1274:	9a a7       	std	Y+42, r25	; 0x2a
    1276:	89 a7       	std	Y+41, r24	; 0x29
        // 3- wait for 1msec
            _delay_ms(1);
        // 4- Sent the Display on Off 
            LCD_SendCommand(Lcd_DisplayOnOff);
    1278:	8c e0       	ldi	r24, 0x0C	; 12
    127a:	0e 94 33 0a 	call	0x1466	; 0x1466 <LCD_SendCommand>
    127e:	80 e0       	ldi	r24, 0x00	; 0
    1280:	90 e0       	ldi	r25, 0x00	; 0
    1282:	a0 e8       	ldi	r26, 0x80	; 128
    1284:	bf e3       	ldi	r27, 0x3F	; 63
    1286:	8f 87       	std	Y+15, r24	; 0x0f
    1288:	98 8b       	std	Y+16, r25	; 0x10
    128a:	a9 8b       	std	Y+17, r26	; 0x11
    128c:	ba 8b       	std	Y+18, r27	; 0x12

	__builtin_avr_delay_cycles(__ticks_dc);

#else
	uint16_t __ticks;
	__tmp = ((F_CPU) / 4e3) * __ms;
    128e:	20 e0       	ldi	r18, 0x00	; 0
    1290:	30 e0       	ldi	r19, 0x00	; 0
    1292:	4a ef       	ldi	r20, 0xFA	; 250
    1294:	54 e4       	ldi	r21, 0x44	; 68
    1296:	6f 85       	ldd	r22, Y+15	; 0x0f
    1298:	78 89       	ldd	r23, Y+16	; 0x10
    129a:	89 89       	ldd	r24, Y+17	; 0x11
    129c:	9a 89       	ldd	r25, Y+18	; 0x12
    129e:	0e 94 0d 11 	call	0x221a	; 0x221a <__mulsf3>
    12a2:	dc 01       	movw	r26, r24
    12a4:	cb 01       	movw	r24, r22
    12a6:	8b 8b       	std	Y+19, r24	; 0x13
    12a8:	9c 8b       	std	Y+20, r25	; 0x14
    12aa:	ad 8b       	std	Y+21, r26	; 0x15
    12ac:	be 8b       	std	Y+22, r27	; 0x16
	if (__tmp < 1.0)
    12ae:	20 e0       	ldi	r18, 0x00	; 0
    12b0:	30 e0       	ldi	r19, 0x00	; 0
    12b2:	40 e8       	ldi	r20, 0x80	; 128
    12b4:	5f e3       	ldi	r21, 0x3F	; 63
    12b6:	6b 89       	ldd	r22, Y+19	; 0x13
    12b8:	7c 89       	ldd	r23, Y+20	; 0x14
    12ba:	8d 89       	ldd	r24, Y+21	; 0x15
    12bc:	9e 89       	ldd	r25, Y+22	; 0x16
    12be:	0e 94 87 10 	call	0x210e	; 0x210e <__cmpsf2>
    12c2:	88 23       	and	r24, r24
    12c4:	2c f4       	brge	.+10     	; 0x12d0 <LCD_Init+0x260>
		__ticks = 1;
    12c6:	81 e0       	ldi	r24, 0x01	; 1
    12c8:	90 e0       	ldi	r25, 0x00	; 0
    12ca:	98 8f       	std	Y+24, r25	; 0x18
    12cc:	8f 8b       	std	Y+23, r24	; 0x17
    12ce:	3f c0       	rjmp	.+126    	; 0x134e <LCD_Init+0x2de>
	else if (__tmp > 65535)
    12d0:	20 e0       	ldi	r18, 0x00	; 0
    12d2:	3f ef       	ldi	r19, 0xFF	; 255
    12d4:	4f e7       	ldi	r20, 0x7F	; 127
    12d6:	57 e4       	ldi	r21, 0x47	; 71
    12d8:	6b 89       	ldd	r22, Y+19	; 0x13
    12da:	7c 89       	ldd	r23, Y+20	; 0x14
    12dc:	8d 89       	ldd	r24, Y+21	; 0x15
    12de:	9e 89       	ldd	r25, Y+22	; 0x16
    12e0:	0e 94 08 11 	call	0x2210	; 0x2210 <__gesf2>
    12e4:	18 16       	cp	r1, r24
    12e6:	4c f5       	brge	.+82     	; 0x133a <LCD_Init+0x2ca>
	{
		//	__ticks = requested delay in 1/10 ms
		__ticks = (uint16_t) (__ms * 10.0);
    12e8:	20 e0       	ldi	r18, 0x00	; 0
    12ea:	30 e0       	ldi	r19, 0x00	; 0
    12ec:	40 e2       	ldi	r20, 0x20	; 32
    12ee:	51 e4       	ldi	r21, 0x41	; 65
    12f0:	6f 85       	ldd	r22, Y+15	; 0x0f
    12f2:	78 89       	ldd	r23, Y+16	; 0x10
    12f4:	89 89       	ldd	r24, Y+17	; 0x11
    12f6:	9a 89       	ldd	r25, Y+18	; 0x12
    12f8:	0e 94 0d 11 	call	0x221a	; 0x221a <__mulsf3>
    12fc:	dc 01       	movw	r26, r24
    12fe:	cb 01       	movw	r24, r22
    1300:	bc 01       	movw	r22, r24
    1302:	cd 01       	movw	r24, r26
    1304:	0e 94 8c 10 	call	0x2118	; 0x2118 <__fixunssfsi>
    1308:	dc 01       	movw	r26, r24
    130a:	cb 01       	movw	r24, r22
    130c:	98 8f       	std	Y+24, r25	; 0x18
    130e:	8f 8b       	std	Y+23, r24	; 0x17
    1310:	0f c0       	rjmp	.+30     	; 0x1330 <LCD_Init+0x2c0>
    1312:	88 ec       	ldi	r24, 0xC8	; 200
    1314:	90 e0       	ldi	r25, 0x00	; 0
    1316:	9a 8f       	std	Y+26, r25	; 0x1a
    1318:	89 8f       	std	Y+25, r24	; 0x19
    131a:	89 8d       	ldd	r24, Y+25	; 0x19
    131c:	9a 8d       	ldd	r25, Y+26	; 0x1a
    131e:	01 97       	sbiw	r24, 0x01	; 1
    1320:	f1 f7       	brne	.-4      	; 0x131e <LCD_Init+0x2ae>
    1322:	9a 8f       	std	Y+26, r25	; 0x1a
    1324:	89 8f       	std	Y+25, r24	; 0x19
		while(__ticks)
		{
			// wait 1/10 ms
			_delay_loop_2(((F_CPU) / 4e3) / 10);
			__ticks --;
    1326:	8f 89       	ldd	r24, Y+23	; 0x17
    1328:	98 8d       	ldd	r25, Y+24	; 0x18
    132a:	01 97       	sbiw	r24, 0x01	; 1
    132c:	98 8f       	std	Y+24, r25	; 0x18
    132e:	8f 8b       	std	Y+23, r24	; 0x17
		__ticks = 1;
	else if (__tmp > 65535)
	{
		//	__ticks = requested delay in 1/10 ms
		__ticks = (uint16_t) (__ms * 10.0);
		while(__ticks)
    1330:	8f 89       	ldd	r24, Y+23	; 0x17
    1332:	98 8d       	ldd	r25, Y+24	; 0x18
    1334:	89 2b       	or	r24, r25
    1336:	69 f7       	brne	.-38     	; 0x1312 <LCD_Init+0x2a2>
    1338:	14 c0       	rjmp	.+40     	; 0x1362 <LCD_Init+0x2f2>
			__ticks --;
		}
		return;
	}
	else
		__ticks = (uint16_t)__tmp;
    133a:	6b 89       	ldd	r22, Y+19	; 0x13
    133c:	7c 89       	ldd	r23, Y+20	; 0x14
    133e:	8d 89       	ldd	r24, Y+21	; 0x15
    1340:	9e 89       	ldd	r25, Y+22	; 0x16
    1342:	0e 94 8c 10 	call	0x2118	; 0x2118 <__fixunssfsi>
    1346:	dc 01       	movw	r26, r24
    1348:	cb 01       	movw	r24, r22
    134a:	98 8f       	std	Y+24, r25	; 0x18
    134c:	8f 8b       	std	Y+23, r24	; 0x17
    134e:	8f 89       	ldd	r24, Y+23	; 0x17
    1350:	98 8d       	ldd	r25, Y+24	; 0x18
    1352:	9c 8f       	std	Y+28, r25	; 0x1c
    1354:	8b 8f       	std	Y+27, r24	; 0x1b
    1356:	8b 8d       	ldd	r24, Y+27	; 0x1b
    1358:	9c 8d       	ldd	r25, Y+28	; 0x1c
    135a:	01 97       	sbiw	r24, 0x01	; 1
    135c:	f1 f7       	brne	.-4      	; 0x135a <LCD_Init+0x2ea>
    135e:	9c 8f       	std	Y+28, r25	; 0x1c
    1360:	8b 8f       	std	Y+27, r24	; 0x1b
        // 5- wait for 1msec
             _delay_ms(1);
        // 6- Sent Clear  
            LCD_SendCommand(Lcd_ClearScreen);
    1362:	81 e0       	ldi	r24, 0x01	; 1
    1364:	0e 94 33 0a 	call	0x1466	; 0x1466 <LCD_SendCommand>
    1368:	80 e0       	ldi	r24, 0x00	; 0
    136a:	90 e0       	ldi	r25, 0x00	; 0
    136c:	a0 e0       	ldi	r26, 0x00	; 0
    136e:	b0 e4       	ldi	r27, 0x40	; 64
    1370:	89 83       	std	Y+1, r24	; 0x01
    1372:	9a 83       	std	Y+2, r25	; 0x02
    1374:	ab 83       	std	Y+3, r26	; 0x03
    1376:	bc 83       	std	Y+4, r27	; 0x04

	__builtin_avr_delay_cycles(__ticks_dc);

#else
	uint16_t __ticks;
	__tmp = ((F_CPU) / 4e3) * __ms;
    1378:	20 e0       	ldi	r18, 0x00	; 0
    137a:	30 e0       	ldi	r19, 0x00	; 0
    137c:	4a ef       	ldi	r20, 0xFA	; 250
    137e:	54 e4       	ldi	r21, 0x44	; 68
    1380:	69 81       	ldd	r22, Y+1	; 0x01
    1382:	7a 81       	ldd	r23, Y+2	; 0x02
    1384:	8b 81       	ldd	r24, Y+3	; 0x03
    1386:	9c 81       	ldd	r25, Y+4	; 0x04
    1388:	0e 94 0d 11 	call	0x221a	; 0x221a <__mulsf3>
    138c:	dc 01       	movw	r26, r24
    138e:	cb 01       	movw	r24, r22
    1390:	8d 83       	std	Y+5, r24	; 0x05
    1392:	9e 83       	std	Y+6, r25	; 0x06
    1394:	af 83       	std	Y+7, r26	; 0x07
    1396:	b8 87       	std	Y+8, r27	; 0x08
	if (__tmp < 1.0)
    1398:	20 e0       	ldi	r18, 0x00	; 0
    139a:	30 e0       	ldi	r19, 0x00	; 0
    139c:	40 e8       	ldi	r20, 0x80	; 128
    139e:	5f e3       	ldi	r21, 0x3F	; 63
    13a0:	6d 81       	ldd	r22, Y+5	; 0x05
    13a2:	7e 81       	ldd	r23, Y+6	; 0x06
    13a4:	8f 81       	ldd	r24, Y+7	; 0x07
    13a6:	98 85       	ldd	r25, Y+8	; 0x08
    13a8:	0e 94 87 10 	call	0x210e	; 0x210e <__cmpsf2>
    13ac:	88 23       	and	r24, r24
    13ae:	2c f4       	brge	.+10     	; 0x13ba <LCD_Init+0x34a>
		__ticks = 1;
    13b0:	81 e0       	ldi	r24, 0x01	; 1
    13b2:	90 e0       	ldi	r25, 0x00	; 0
    13b4:	9a 87       	std	Y+10, r25	; 0x0a
    13b6:	89 87       	std	Y+9, r24	; 0x09
    13b8:	3f c0       	rjmp	.+126    	; 0x1438 <LCD_Init+0x3c8>
	else if (__tmp > 65535)
    13ba:	20 e0       	ldi	r18, 0x00	; 0
    13bc:	3f ef       	ldi	r19, 0xFF	; 255
    13be:	4f e7       	ldi	r20, 0x7F	; 127
    13c0:	57 e4       	ldi	r21, 0x47	; 71
    13c2:	6d 81       	ldd	r22, Y+5	; 0x05
    13c4:	7e 81       	ldd	r23, Y+6	; 0x06
    13c6:	8f 81       	ldd	r24, Y+7	; 0x07
    13c8:	98 85       	ldd	r25, Y+8	; 0x08
    13ca:	0e 94 08 11 	call	0x2210	; 0x2210 <__gesf2>
    13ce:	18 16       	cp	r1, r24
    13d0:	4c f5       	brge	.+82     	; 0x1424 <LCD_Init+0x3b4>
	{
		//	__ticks = requested delay in 1/10 ms
		__ticks = (uint16_t) (__ms * 10.0);
    13d2:	20 e0       	ldi	r18, 0x00	; 0
    13d4:	30 e0       	ldi	r19, 0x00	; 0
    13d6:	40 e2       	ldi	r20, 0x20	; 32
    13d8:	51 e4       	ldi	r21, 0x41	; 65
    13da:	69 81       	ldd	r22, Y+1	; 0x01
    13dc:	7a 81       	ldd	r23, Y+2	; 0x02
    13de:	8b 81       	ldd	r24, Y+3	; 0x03
    13e0:	9c 81       	ldd	r25, Y+4	; 0x04
    13e2:	0e 94 0d 11 	call	0x221a	; 0x221a <__mulsf3>
    13e6:	dc 01       	movw	r26, r24
    13e8:	cb 01       	movw	r24, r22
    13ea:	bc 01       	movw	r22, r24
    13ec:	cd 01       	movw	r24, r26
    13ee:	0e 94 8c 10 	call	0x2118	; 0x2118 <__fixunssfsi>
    13f2:	dc 01       	movw	r26, r24
    13f4:	cb 01       	movw	r24, r22
    13f6:	9a 87       	std	Y+10, r25	; 0x0a
    13f8:	89 87       	std	Y+9, r24	; 0x09
    13fa:	0f c0       	rjmp	.+30     	; 0x141a <LCD_Init+0x3aa>
    13fc:	88 ec       	ldi	r24, 0xC8	; 200
    13fe:	90 e0       	ldi	r25, 0x00	; 0
    1400:	9c 87       	std	Y+12, r25	; 0x0c
    1402:	8b 87       	std	Y+11, r24	; 0x0b
    1404:	8b 85       	ldd	r24, Y+11	; 0x0b
    1406:	9c 85       	ldd	r25, Y+12	; 0x0c
    1408:	01 97       	sbiw	r24, 0x01	; 1
    140a:	f1 f7       	brne	.-4      	; 0x1408 <LCD_Init+0x398>
    140c:	9c 87       	std	Y+12, r25	; 0x0c
    140e:	8b 87       	std	Y+11, r24	; 0x0b
		while(__ticks)
		{
			// wait 1/10 ms
			_delay_loop_2(((F_CPU) / 4e3) / 10);
			__ticks --;
    1410:	89 85       	ldd	r24, Y+9	; 0x09
    1412:	9a 85       	ldd	r25, Y+10	; 0x0a
    1414:	01 97       	sbiw	r24, 0x01	; 1
    1416:	9a 87       	std	Y+10, r25	; 0x0a
    1418:	89 87       	std	Y+9, r24	; 0x09
		__ticks = 1;
	else if (__tmp > 65535)
	{
		//	__ticks = requested delay in 1/10 ms
		__ticks = (uint16_t) (__ms * 10.0);
		while(__ticks)
    141a:	89 85       	ldd	r24, Y+9	; 0x09
    141c:	9a 85       	ldd	r25, Y+10	; 0x0a
    141e:	89 2b       	or	r24, r25
    1420:	69 f7       	brne	.-38     	; 0x13fc <LCD_Init+0x38c>
    1422:	14 c0       	rjmp	.+40     	; 0x144c <LCD_Init+0x3dc>
			__ticks --;
		}
		return;
	}
	else
		__ticks = (uint16_t)__tmp;
    1424:	6d 81       	ldd	r22, Y+5	; 0x05
    1426:	7e 81       	ldd	r23, Y+6	; 0x06
    1428:	8f 81       	ldd	r24, Y+7	; 0x07
    142a:	98 85       	ldd	r25, Y+8	; 0x08
    142c:	0e 94 8c 10 	call	0x2118	; 0x2118 <__fixunssfsi>
    1430:	dc 01       	movw	r26, r24
    1432:	cb 01       	movw	r24, r22
    1434:	9a 87       	std	Y+10, r25	; 0x0a
    1436:	89 87       	std	Y+9, r24	; 0x09
    1438:	89 85       	ldd	r24, Y+9	; 0x09
    143a:	9a 85       	ldd	r25, Y+10	; 0x0a
    143c:	9e 87       	std	Y+14, r25	; 0x0e
    143e:	8d 87       	std	Y+13, r24	; 0x0d
    1440:	8d 85       	ldd	r24, Y+13	; 0x0d
    1442:	9e 85       	ldd	r25, Y+14	; 0x0e
    1444:	01 97       	sbiw	r24, 0x01	; 1
    1446:	f1 f7       	brne	.-4      	; 0x1444 <LCD_Init+0x3d4>
    1448:	9e 87       	std	Y+14, r25	; 0x0e
    144a:	8d 87       	std	Y+13, r24	; 0x0d
        // 7- wait for 2msec
             _delay_ms(2);
        // 8- Entry Mode sent 
            LCD_SendCommand(Lcd_EntryMode);
    144c:	86 e0       	ldi	r24, 0x06	; 6
    144e:	0e 94 33 0a 	call	0x1466	; 0x1466 <LCD_SendCommand>
    #elif LCD_Mode==Lcd_4BitMode
    #else 
            #error "Invalid Lcd Mode"
    #endif
}
    1452:	00 00       	nop
    1454:	e8 96       	adiw	r28, 0x38	; 56
    1456:	0f b6       	in	r0, 0x3f	; 63
    1458:	f8 94       	cli
    145a:	de bf       	out	0x3e, r29	; 62
    145c:	0f be       	out	0x3f, r0	; 63
    145e:	cd bf       	out	0x3d, r28	; 61
    1460:	df 91       	pop	r29
    1462:	cf 91       	pop	r28
    1464:	08 95       	ret

00001466 <LCD_SendCommand>:
void LCD_SendCommand(uint8_t Command)
{
    1466:	cf 93       	push	r28
    1468:	df 93       	push	r29
    146a:	cd b7       	in	r28, 0x3d	; 61
    146c:	de b7       	in	r29, 0x3e	; 62
    146e:	2f 97       	sbiw	r28, 0x0f	; 15
    1470:	0f b6       	in	r0, 0x3f	; 63
    1472:	f8 94       	cli
    1474:	de bf       	out	0x3e, r29	; 62
    1476:	0f be       	out	0x3f, r0	; 63
    1478:	cd bf       	out	0x3d, r28	; 61
    147a:	8f 87       	std	Y+15, r24	; 0x0f
    #if LCD_Mode==Lcd_8BitMode
        //RS -> 0 
        DIO_WriteForPin(RSGroup,RSPin,DIO_Low);
    147c:	40 e0       	ldi	r20, 0x00	; 0
    147e:	60 e0       	ldi	r22, 0x00	; 0
    1480:	81 e0       	ldi	r24, 0x01	; 1
    1482:	0e 94 fe 03 	call	0x7fc	; 0x7fc <DIO_WriteForPin>
        //RW -> 0 
        DIO_WriteForPin(RWGroup,RWPin,DIO_Low);
    1486:	40 e0       	ldi	r20, 0x00	; 0
    1488:	61 e0       	ldi	r22, 0x01	; 1
    148a:	81 e0       	ldi	r24, 0x01	; 1
    148c:	0e 94 fe 03 	call	0x7fc	; 0x7fc <DIO_WriteForPin>
        //Data =  Command 
        DIO_WriteForGroup(DataGroup,Command);
    1490:	6f 85       	ldd	r22, Y+15	; 0x0f
    1492:	83 e0       	ldi	r24, 0x03	; 3
    1494:	0e 94 c7 03 	call	0x78e	; 0x78e <DIO_WriteForGroup>
        //E-> 1 
        DIO_WriteForPin(EGroup,EPin,DIO_High);
    1498:	41 e0       	ldi	r20, 0x01	; 1
    149a:	62 e0       	ldi	r22, 0x02	; 2
    149c:	81 e0       	ldi	r24, 0x01	; 1
    149e:	0e 94 fe 03 	call	0x7fc	; 0x7fc <DIO_WriteForPin>
    14a2:	80 e0       	ldi	r24, 0x00	; 0
    14a4:	90 e0       	ldi	r25, 0x00	; 0
    14a6:	a0 e8       	ldi	r26, 0x80	; 128
    14a8:	bf e3       	ldi	r27, 0x3F	; 63
    14aa:	89 83       	std	Y+1, r24	; 0x01
    14ac:	9a 83       	std	Y+2, r25	; 0x02
    14ae:	ab 83       	std	Y+3, r26	; 0x03
    14b0:	bc 83       	std	Y+4, r27	; 0x04

	__builtin_avr_delay_cycles(__ticks_dc);

#else
	uint16_t __ticks;
	__tmp = ((F_CPU) / 4e3) * __ms;
    14b2:	20 e0       	ldi	r18, 0x00	; 0
    14b4:	30 e0       	ldi	r19, 0x00	; 0
    14b6:	4a ef       	ldi	r20, 0xFA	; 250
    14b8:	54 e4       	ldi	r21, 0x44	; 68
    14ba:	69 81       	ldd	r22, Y+1	; 0x01
    14bc:	7a 81       	ldd	r23, Y+2	; 0x02
    14be:	8b 81       	ldd	r24, Y+3	; 0x03
    14c0:	9c 81       	ldd	r25, Y+4	; 0x04
    14c2:	0e 94 0d 11 	call	0x221a	; 0x221a <__mulsf3>
    14c6:	dc 01       	movw	r26, r24
    14c8:	cb 01       	movw	r24, r22
    14ca:	8d 83       	std	Y+5, r24	; 0x05
    14cc:	9e 83       	std	Y+6, r25	; 0x06
    14ce:	af 83       	std	Y+7, r26	; 0x07
    14d0:	b8 87       	std	Y+8, r27	; 0x08
	if (__tmp < 1.0)
    14d2:	20 e0       	ldi	r18, 0x00	; 0
    14d4:	30 e0       	ldi	r19, 0x00	; 0
    14d6:	40 e8       	ldi	r20, 0x80	; 128
    14d8:	5f e3       	ldi	r21, 0x3F	; 63
    14da:	6d 81       	ldd	r22, Y+5	; 0x05
    14dc:	7e 81       	ldd	r23, Y+6	; 0x06
    14de:	8f 81       	ldd	r24, Y+7	; 0x07
    14e0:	98 85       	ldd	r25, Y+8	; 0x08
    14e2:	0e 94 87 10 	call	0x210e	; 0x210e <__cmpsf2>
    14e6:	88 23       	and	r24, r24
    14e8:	2c f4       	brge	.+10     	; 0x14f4 <LCD_SendCommand+0x8e>
		__ticks = 1;
    14ea:	81 e0       	ldi	r24, 0x01	; 1
    14ec:	90 e0       	ldi	r25, 0x00	; 0
    14ee:	9a 87       	std	Y+10, r25	; 0x0a
    14f0:	89 87       	std	Y+9, r24	; 0x09
    14f2:	3f c0       	rjmp	.+126    	; 0x1572 <LCD_SendCommand+0x10c>
	else if (__tmp > 65535)
    14f4:	20 e0       	ldi	r18, 0x00	; 0
    14f6:	3f ef       	ldi	r19, 0xFF	; 255
    14f8:	4f e7       	ldi	r20, 0x7F	; 127
    14fa:	57 e4       	ldi	r21, 0x47	; 71
    14fc:	6d 81       	ldd	r22, Y+5	; 0x05
    14fe:	7e 81       	ldd	r23, Y+6	; 0x06
    1500:	8f 81       	ldd	r24, Y+7	; 0x07
    1502:	98 85       	ldd	r25, Y+8	; 0x08
    1504:	0e 94 08 11 	call	0x2210	; 0x2210 <__gesf2>
    1508:	18 16       	cp	r1, r24
    150a:	4c f5       	brge	.+82     	; 0x155e <LCD_SendCommand+0xf8>
	{
		//	__ticks = requested delay in 1/10 ms
		__ticks = (uint16_t) (__ms * 10.0);
    150c:	20 e0       	ldi	r18, 0x00	; 0
    150e:	30 e0       	ldi	r19, 0x00	; 0
    1510:	40 e2       	ldi	r20, 0x20	; 32
    1512:	51 e4       	ldi	r21, 0x41	; 65
    1514:	69 81       	ldd	r22, Y+1	; 0x01
    1516:	7a 81       	ldd	r23, Y+2	; 0x02
    1518:	8b 81       	ldd	r24, Y+3	; 0x03
    151a:	9c 81       	ldd	r25, Y+4	; 0x04
    151c:	0e 94 0d 11 	call	0x221a	; 0x221a <__mulsf3>
    1520:	dc 01       	movw	r26, r24
    1522:	cb 01       	movw	r24, r22
    1524:	bc 01       	movw	r22, r24
    1526:	cd 01       	movw	r24, r26
    1528:	0e 94 8c 10 	call	0x2118	; 0x2118 <__fixunssfsi>
    152c:	dc 01       	movw	r26, r24
    152e:	cb 01       	movw	r24, r22
    1530:	9a 87       	std	Y+10, r25	; 0x0a
    1532:	89 87       	std	Y+9, r24	; 0x09
    1534:	0f c0       	rjmp	.+30     	; 0x1554 <LCD_SendCommand+0xee>
    1536:	88 ec       	ldi	r24, 0xC8	; 200
    1538:	90 e0       	ldi	r25, 0x00	; 0
    153a:	9c 87       	std	Y+12, r25	; 0x0c
    153c:	8b 87       	std	Y+11, r24	; 0x0b
    153e:	8b 85       	ldd	r24, Y+11	; 0x0b
    1540:	9c 85       	ldd	r25, Y+12	; 0x0c
    1542:	01 97       	sbiw	r24, 0x01	; 1
    1544:	f1 f7       	brne	.-4      	; 0x1542 <LCD_SendCommand+0xdc>
    1546:	9c 87       	std	Y+12, r25	; 0x0c
    1548:	8b 87       	std	Y+11, r24	; 0x0b
		while(__ticks)
		{
			// wait 1/10 ms
			_delay_loop_2(((F_CPU) / 4e3) / 10);
			__ticks --;
    154a:	89 85       	ldd	r24, Y+9	; 0x09
    154c:	9a 85       	ldd	r25, Y+10	; 0x0a
    154e:	01 97       	sbiw	r24, 0x01	; 1
    1550:	9a 87       	std	Y+10, r25	; 0x0a
    1552:	89 87       	std	Y+9, r24	; 0x09
		__ticks = 1;
	else if (__tmp > 65535)
	{
		//	__ticks = requested delay in 1/10 ms
		__ticks = (uint16_t) (__ms * 10.0);
		while(__ticks)
    1554:	89 85       	ldd	r24, Y+9	; 0x09
    1556:	9a 85       	ldd	r25, Y+10	; 0x0a
    1558:	89 2b       	or	r24, r25
    155a:	69 f7       	brne	.-38     	; 0x1536 <LCD_SendCommand+0xd0>
    155c:	14 c0       	rjmp	.+40     	; 0x1586 <LCD_SendCommand+0x120>
			__ticks --;
		}
		return;
	}
	else
		__ticks = (uint16_t)__tmp;
    155e:	6d 81       	ldd	r22, Y+5	; 0x05
    1560:	7e 81       	ldd	r23, Y+6	; 0x06
    1562:	8f 81       	ldd	r24, Y+7	; 0x07
    1564:	98 85       	ldd	r25, Y+8	; 0x08
    1566:	0e 94 8c 10 	call	0x2118	; 0x2118 <__fixunssfsi>
    156a:	dc 01       	movw	r26, r24
    156c:	cb 01       	movw	r24, r22
    156e:	9a 87       	std	Y+10, r25	; 0x0a
    1570:	89 87       	std	Y+9, r24	; 0x09
    1572:	89 85       	ldd	r24, Y+9	; 0x09
    1574:	9a 85       	ldd	r25, Y+10	; 0x0a
    1576:	9e 87       	std	Y+14, r25	; 0x0e
    1578:	8d 87       	std	Y+13, r24	; 0x0d
    157a:	8d 85       	ldd	r24, Y+13	; 0x0d
    157c:	9e 85       	ldd	r25, Y+14	; 0x0e
    157e:	01 97       	sbiw	r24, 0x01	; 1
    1580:	f1 f7       	brne	.-4      	; 0x157e <LCD_SendCommand+0x118>
    1582:	9e 87       	std	Y+14, r25	; 0x0e
    1584:	8d 87       	std	Y+13, r24	; 0x0d
        // Wait 1msec
        _delay_ms(1);
        // E-> 0 
        DIO_WriteForPin(EGroup,EPin,DIO_Low);
    1586:	40 e0       	ldi	r20, 0x00	; 0
    1588:	62 e0       	ldi	r22, 0x02	; 2
    158a:	81 e0       	ldi	r24, 0x01	; 1
    158c:	0e 94 fe 03 	call	0x7fc	; 0x7fc <DIO_WriteForPin>
    #elif LCD_Mode==Lcd_4BitMode
    #else 
            #error "Invalid Lcd Mode"
    #endif
        
}
    1590:	00 00       	nop
    1592:	2f 96       	adiw	r28, 0x0f	; 15
    1594:	0f b6       	in	r0, 0x3f	; 63
    1596:	f8 94       	cli
    1598:	de bf       	out	0x3e, r29	; 62
    159a:	0f be       	out	0x3f, r0	; 63
    159c:	cd bf       	out	0x3d, r28	; 61
    159e:	df 91       	pop	r29
    15a0:	cf 91       	pop	r28
    15a2:	08 95       	ret

000015a4 <LCD_WriteCharacter>:
void LCD_WriteCharacter(uint8_t Character)
{
    15a4:	cf 93       	push	r28
    15a6:	df 93       	push	r29
    15a8:	cd b7       	in	r28, 0x3d	; 61
    15aa:	de b7       	in	r29, 0x3e	; 62
    15ac:	2f 97       	sbiw	r28, 0x0f	; 15
    15ae:	0f b6       	in	r0, 0x3f	; 63
    15b0:	f8 94       	cli
    15b2:	de bf       	out	0x3e, r29	; 62
    15b4:	0f be       	out	0x3f, r0	; 63
    15b6:	cd bf       	out	0x3d, r28	; 61
    15b8:	8f 87       	std	Y+15, r24	; 0x0f
    #if LCD_Mode==Lcd_8BitMode
        //RS -> 1 
        DIO_WriteForPin(RSGroup,RSPin,DIO_High);
    15ba:	41 e0       	ldi	r20, 0x01	; 1
    15bc:	60 e0       	ldi	r22, 0x00	; 0
    15be:	81 e0       	ldi	r24, 0x01	; 1
    15c0:	0e 94 fe 03 	call	0x7fc	; 0x7fc <DIO_WriteForPin>
        //RW -> 0 
        DIO_WriteForPin(RWGroup,RWPin,DIO_Low);
    15c4:	40 e0       	ldi	r20, 0x00	; 0
    15c6:	61 e0       	ldi	r22, 0x01	; 1
    15c8:	81 e0       	ldi	r24, 0x01	; 1
    15ca:	0e 94 fe 03 	call	0x7fc	; 0x7fc <DIO_WriteForPin>
        //Data =  Character
        DIO_WriteForGroup(DataGroup,Character);
    15ce:	6f 85       	ldd	r22, Y+15	; 0x0f
    15d0:	83 e0       	ldi	r24, 0x03	; 3
    15d2:	0e 94 c7 03 	call	0x78e	; 0x78e <DIO_WriteForGroup>
        //E-> 1 
        DIO_WriteForPin(EGroup,EPin,DIO_High);
    15d6:	41 e0       	ldi	r20, 0x01	; 1
    15d8:	62 e0       	ldi	r22, 0x02	; 2
    15da:	81 e0       	ldi	r24, 0x01	; 1
    15dc:	0e 94 fe 03 	call	0x7fc	; 0x7fc <DIO_WriteForPin>
    15e0:	80 e0       	ldi	r24, 0x00	; 0
    15e2:	90 e0       	ldi	r25, 0x00	; 0
    15e4:	a0 e8       	ldi	r26, 0x80	; 128
    15e6:	bf e3       	ldi	r27, 0x3F	; 63
    15e8:	89 83       	std	Y+1, r24	; 0x01
    15ea:	9a 83       	std	Y+2, r25	; 0x02
    15ec:	ab 83       	std	Y+3, r26	; 0x03
    15ee:	bc 83       	std	Y+4, r27	; 0x04

	__builtin_avr_delay_cycles(__ticks_dc);

#else
	uint16_t __ticks;
	__tmp = ((F_CPU) / 4e3) * __ms;
    15f0:	20 e0       	ldi	r18, 0x00	; 0
    15f2:	30 e0       	ldi	r19, 0x00	; 0
    15f4:	4a ef       	ldi	r20, 0xFA	; 250
    15f6:	54 e4       	ldi	r21, 0x44	; 68
    15f8:	69 81       	ldd	r22, Y+1	; 0x01
    15fa:	7a 81       	ldd	r23, Y+2	; 0x02
    15fc:	8b 81       	ldd	r24, Y+3	; 0x03
    15fe:	9c 81       	ldd	r25, Y+4	; 0x04
    1600:	0e 94 0d 11 	call	0x221a	; 0x221a <__mulsf3>
    1604:	dc 01       	movw	r26, r24
    1606:	cb 01       	movw	r24, r22
    1608:	8d 83       	std	Y+5, r24	; 0x05
    160a:	9e 83       	std	Y+6, r25	; 0x06
    160c:	af 83       	std	Y+7, r26	; 0x07
    160e:	b8 87       	std	Y+8, r27	; 0x08
	if (__tmp < 1.0)
    1610:	20 e0       	ldi	r18, 0x00	; 0
    1612:	30 e0       	ldi	r19, 0x00	; 0
    1614:	40 e8       	ldi	r20, 0x80	; 128
    1616:	5f e3       	ldi	r21, 0x3F	; 63
    1618:	6d 81       	ldd	r22, Y+5	; 0x05
    161a:	7e 81       	ldd	r23, Y+6	; 0x06
    161c:	8f 81       	ldd	r24, Y+7	; 0x07
    161e:	98 85       	ldd	r25, Y+8	; 0x08
    1620:	0e 94 87 10 	call	0x210e	; 0x210e <__cmpsf2>
    1624:	88 23       	and	r24, r24
    1626:	2c f4       	brge	.+10     	; 0x1632 <LCD_WriteCharacter+0x8e>
		__ticks = 1;
    1628:	81 e0       	ldi	r24, 0x01	; 1
    162a:	90 e0       	ldi	r25, 0x00	; 0
    162c:	9a 87       	std	Y+10, r25	; 0x0a
    162e:	89 87       	std	Y+9, r24	; 0x09
    1630:	3f c0       	rjmp	.+126    	; 0x16b0 <LCD_WriteCharacter+0x10c>
	else if (__tmp > 65535)
    1632:	20 e0       	ldi	r18, 0x00	; 0
    1634:	3f ef       	ldi	r19, 0xFF	; 255
    1636:	4f e7       	ldi	r20, 0x7F	; 127
    1638:	57 e4       	ldi	r21, 0x47	; 71
    163a:	6d 81       	ldd	r22, Y+5	; 0x05
    163c:	7e 81       	ldd	r23, Y+6	; 0x06
    163e:	8f 81       	ldd	r24, Y+7	; 0x07
    1640:	98 85       	ldd	r25, Y+8	; 0x08
    1642:	0e 94 08 11 	call	0x2210	; 0x2210 <__gesf2>
    1646:	18 16       	cp	r1, r24
    1648:	4c f5       	brge	.+82     	; 0x169c <LCD_WriteCharacter+0xf8>
	{
		//	__ticks = requested delay in 1/10 ms
		__ticks = (uint16_t) (__ms * 10.0);
    164a:	20 e0       	ldi	r18, 0x00	; 0
    164c:	30 e0       	ldi	r19, 0x00	; 0
    164e:	40 e2       	ldi	r20, 0x20	; 32
    1650:	51 e4       	ldi	r21, 0x41	; 65
    1652:	69 81       	ldd	r22, Y+1	; 0x01
    1654:	7a 81       	ldd	r23, Y+2	; 0x02
    1656:	8b 81       	ldd	r24, Y+3	; 0x03
    1658:	9c 81       	ldd	r25, Y+4	; 0x04
    165a:	0e 94 0d 11 	call	0x221a	; 0x221a <__mulsf3>
    165e:	dc 01       	movw	r26, r24
    1660:	cb 01       	movw	r24, r22
    1662:	bc 01       	movw	r22, r24
    1664:	cd 01       	movw	r24, r26
    1666:	0e 94 8c 10 	call	0x2118	; 0x2118 <__fixunssfsi>
    166a:	dc 01       	movw	r26, r24
    166c:	cb 01       	movw	r24, r22
    166e:	9a 87       	std	Y+10, r25	; 0x0a
    1670:	89 87       	std	Y+9, r24	; 0x09
    1672:	0f c0       	rjmp	.+30     	; 0x1692 <LCD_WriteCharacter+0xee>
    1674:	88 ec       	ldi	r24, 0xC8	; 200
    1676:	90 e0       	ldi	r25, 0x00	; 0
    1678:	9c 87       	std	Y+12, r25	; 0x0c
    167a:	8b 87       	std	Y+11, r24	; 0x0b
    167c:	8b 85       	ldd	r24, Y+11	; 0x0b
    167e:	9c 85       	ldd	r25, Y+12	; 0x0c
    1680:	01 97       	sbiw	r24, 0x01	; 1
    1682:	f1 f7       	brne	.-4      	; 0x1680 <LCD_WriteCharacter+0xdc>
    1684:	9c 87       	std	Y+12, r25	; 0x0c
    1686:	8b 87       	std	Y+11, r24	; 0x0b
		while(__ticks)
		{
			// wait 1/10 ms
			_delay_loop_2(((F_CPU) / 4e3) / 10);
			__ticks --;
    1688:	89 85       	ldd	r24, Y+9	; 0x09
    168a:	9a 85       	ldd	r25, Y+10	; 0x0a
    168c:	01 97       	sbiw	r24, 0x01	; 1
    168e:	9a 87       	std	Y+10, r25	; 0x0a
    1690:	89 87       	std	Y+9, r24	; 0x09
		__ticks = 1;
	else if (__tmp > 65535)
	{
		//	__ticks = requested delay in 1/10 ms
		__ticks = (uint16_t) (__ms * 10.0);
		while(__ticks)
    1692:	89 85       	ldd	r24, Y+9	; 0x09
    1694:	9a 85       	ldd	r25, Y+10	; 0x0a
    1696:	89 2b       	or	r24, r25
    1698:	69 f7       	brne	.-38     	; 0x1674 <LCD_WriteCharacter+0xd0>
    169a:	14 c0       	rjmp	.+40     	; 0x16c4 <LCD_WriteCharacter+0x120>
			__ticks --;
		}
		return;
	}
	else
		__ticks = (uint16_t)__tmp;
    169c:	6d 81       	ldd	r22, Y+5	; 0x05
    169e:	7e 81       	ldd	r23, Y+6	; 0x06
    16a0:	8f 81       	ldd	r24, Y+7	; 0x07
    16a2:	98 85       	ldd	r25, Y+8	; 0x08
    16a4:	0e 94 8c 10 	call	0x2118	; 0x2118 <__fixunssfsi>
    16a8:	dc 01       	movw	r26, r24
    16aa:	cb 01       	movw	r24, r22
    16ac:	9a 87       	std	Y+10, r25	; 0x0a
    16ae:	89 87       	std	Y+9, r24	; 0x09
    16b0:	89 85       	ldd	r24, Y+9	; 0x09
    16b2:	9a 85       	ldd	r25, Y+10	; 0x0a
    16b4:	9e 87       	std	Y+14, r25	; 0x0e
    16b6:	8d 87       	std	Y+13, r24	; 0x0d
    16b8:	8d 85       	ldd	r24, Y+13	; 0x0d
    16ba:	9e 85       	ldd	r25, Y+14	; 0x0e
    16bc:	01 97       	sbiw	r24, 0x01	; 1
    16be:	f1 f7       	brne	.-4      	; 0x16bc <LCD_WriteCharacter+0x118>
    16c0:	9e 87       	std	Y+14, r25	; 0x0e
    16c2:	8d 87       	std	Y+13, r24	; 0x0d
        // Wait 1msec
        _delay_ms(1);
        // E-> 0 
        DIO_WriteForPin(EGroup,EPin,DIO_Low);
    16c4:	40 e0       	ldi	r20, 0x00	; 0
    16c6:	62 e0       	ldi	r22, 0x02	; 2
    16c8:	81 e0       	ldi	r24, 0x01	; 1
    16ca:	0e 94 fe 03 	call	0x7fc	; 0x7fc <DIO_WriteForPin>
    #elif LCD_Mode==Lcd_4BitMode
    #else 
        #error "Invalid Lcd Mode"
    #endif

}
    16ce:	00 00       	nop
    16d0:	2f 96       	adiw	r28, 0x0f	; 15
    16d2:	0f b6       	in	r0, 0x3f	; 63
    16d4:	f8 94       	cli
    16d6:	de bf       	out	0x3e, r29	; 62
    16d8:	0f be       	out	0x3f, r0	; 63
    16da:	cd bf       	out	0x3d, r28	; 61
    16dc:	df 91       	pop	r29
    16de:	cf 91       	pop	r28
    16e0:	08 95       	ret

000016e2 <LCD_WriteString>:
void LCD_WriteString(uint8_t *String)
{
    16e2:	cf 93       	push	r28
    16e4:	df 93       	push	r29
    16e6:	00 d0       	rcall	.+0      	; 0x16e8 <LCD_WriteString+0x6>
    16e8:	1f 92       	push	r1
    16ea:	cd b7       	in	r28, 0x3d	; 61
    16ec:	de b7       	in	r29, 0x3e	; 62
    16ee:	9b 83       	std	Y+3, r25	; 0x03
    16f0:	8a 83       	std	Y+2, r24	; 0x02
    if(String!=NULL)
    16f2:	8a 81       	ldd	r24, Y+2	; 0x02
    16f4:	9b 81       	ldd	r25, Y+3	; 0x03
    16f6:	89 2b       	or	r24, r25
    16f8:	d9 f0       	breq	.+54     	; 0x1730 <LCD_WriteString+0x4e>
    {
        uint8_t Index = 0 ;
    16fa:	19 82       	std	Y+1, r1	; 0x01
        while(String[Index]!=NullChar)
    16fc:	0e c0       	rjmp	.+28     	; 0x171a <LCD_WriteString+0x38>
        {
            LCD_WriteCharacter(String[Index]);
    16fe:	89 81       	ldd	r24, Y+1	; 0x01
    1700:	88 2f       	mov	r24, r24
    1702:	90 e0       	ldi	r25, 0x00	; 0
    1704:	2a 81       	ldd	r18, Y+2	; 0x02
    1706:	3b 81       	ldd	r19, Y+3	; 0x03
    1708:	82 0f       	add	r24, r18
    170a:	93 1f       	adc	r25, r19
    170c:	fc 01       	movw	r30, r24
    170e:	80 81       	ld	r24, Z
    1710:	0e 94 d2 0a 	call	0x15a4	; 0x15a4 <LCD_WriteCharacter>
            Index++;
    1714:	89 81       	ldd	r24, Y+1	; 0x01
    1716:	8f 5f       	subi	r24, 0xFF	; 255
    1718:	89 83       	std	Y+1, r24	; 0x01
void LCD_WriteString(uint8_t *String)
{
    if(String!=NULL)
    {
        uint8_t Index = 0 ;
        while(String[Index]!=NullChar)
    171a:	89 81       	ldd	r24, Y+1	; 0x01
    171c:	88 2f       	mov	r24, r24
    171e:	90 e0       	ldi	r25, 0x00	; 0
    1720:	2a 81       	ldd	r18, Y+2	; 0x02
    1722:	3b 81       	ldd	r19, Y+3	; 0x03
    1724:	82 0f       	add	r24, r18
    1726:	93 1f       	adc	r25, r19
    1728:	fc 01       	movw	r30, r24
    172a:	80 81       	ld	r24, Z
    172c:	88 23       	and	r24, r24
    172e:	39 f7       	brne	.-50     	; 0x16fe <LCD_WriteString+0x1c>
        {
            LCD_WriteCharacter(String[Index]);
            Index++;
        }
    }
}
    1730:	00 00       	nop
    1732:	0f 90       	pop	r0
    1734:	0f 90       	pop	r0
    1736:	0f 90       	pop	r0
    1738:	df 91       	pop	r29
    173a:	cf 91       	pop	r28
    173c:	08 95       	ret

0000173e <LCD_MoveTo>:

void LCD_MoveTo(uint8_t Line, uint8_t Digit)
{
    173e:	cf 93       	push	r28
    1740:	df 93       	push	r29
    1742:	00 d0       	rcall	.+0      	; 0x1744 <LCD_MoveTo+0x6>
    1744:	1f 92       	push	r1
    1746:	cd b7       	in	r28, 0x3d	; 61
    1748:	de b7       	in	r29, 0x3e	; 62
    174a:	8a 83       	std	Y+2, r24	; 0x02
    174c:	6b 83       	std	Y+3, r22	; 0x03
    uint8_t DDRAM_Address = 0 ;
    174e:	19 82       	std	Y+1, r1	; 0x01
    switch(Line)
    1750:	8a 81       	ldd	r24, Y+2	; 0x02
    1752:	88 2f       	mov	r24, r24
    1754:	90 e0       	ldi	r25, 0x00	; 0
    1756:	00 97       	sbiw	r24, 0x00	; 0
    1758:	19 f0       	breq	.+6      	; 0x1760 <LCD_MoveTo+0x22>
    175a:	01 97       	sbiw	r24, 0x01	; 1
    175c:	21 f0       	breq	.+8      	; 0x1766 <LCD_MoveTo+0x28>
    {
        case Lcd_Line1: DDRAM_Address = Lcd_Line1Address+Digit;break;
        case Lcd_Line2: DDRAM_Address = Lcd_Line2Address+Digit;break;
        default:break;
    175e:	07 c0       	rjmp	.+14     	; 0x176e <LCD_MoveTo+0x30>
void LCD_MoveTo(uint8_t Line, uint8_t Digit)
{
    uint8_t DDRAM_Address = 0 ;
    switch(Line)
    {
        case Lcd_Line1: DDRAM_Address = Lcd_Line1Address+Digit;break;
    1760:	8b 81       	ldd	r24, Y+3	; 0x03
    1762:	89 83       	std	Y+1, r24	; 0x01
    1764:	04 c0       	rjmp	.+8      	; 0x176e <LCD_MoveTo+0x30>
        case Lcd_Line2: DDRAM_Address = Lcd_Line2Address+Digit;break;
    1766:	8b 81       	ldd	r24, Y+3	; 0x03
    1768:	80 5c       	subi	r24, 0xC0	; 192
    176a:	89 83       	std	Y+1, r24	; 0x01
    176c:	00 00       	nop
        default:break;
    }
    LCD_SendCommand(Lcd_SetDDRAMCommand|DDRAM_Address);
    176e:	89 81       	ldd	r24, Y+1	; 0x01
    1770:	80 68       	ori	r24, 0x80	; 128
    1772:	0e 94 33 0a 	call	0x1466	; 0x1466 <LCD_SendCommand>
}
    1776:	00 00       	nop
    1778:	0f 90       	pop	r0
    177a:	0f 90       	pop	r0
    177c:	0f 90       	pop	r0
    177e:	df 91       	pop	r29
    1780:	cf 91       	pop	r28
    1782:	08 95       	ret

00001784 <LCD_StoreSpecialCharacter>:
void LCD_StoreSpecialCharacter(uint8_t * SpecialCharacter , uint8_t Location)
{
    1784:	cf 93       	push	r28
    1786:	df 93       	push	r29
    1788:	00 d0       	rcall	.+0      	; 0x178a <LCD_StoreSpecialCharacter+0x6>
    178a:	00 d0       	rcall	.+0      	; 0x178c <LCD_StoreSpecialCharacter+0x8>
    178c:	1f 92       	push	r1
    178e:	cd b7       	in	r28, 0x3d	; 61
    1790:	de b7       	in	r29, 0x3e	; 62
    1792:	9c 83       	std	Y+4, r25	; 0x04
    1794:	8b 83       	std	Y+3, r24	; 0x03
    1796:	6d 83       	std	Y+5, r22	; 0x05
    if(SpecialCharacter==NULL||Location>Lcd_CGRAMMaxLocation)
    1798:	8b 81       	ldd	r24, Y+3	; 0x03
    179a:	9c 81       	ldd	r25, Y+4	; 0x04
    179c:	89 2b       	or	r24, r25
    179e:	29 f1       	breq	.+74     	; 0x17ea <LCD_StoreSpecialCharacter+0x66>
    17a0:	8d 81       	ldd	r24, Y+5	; 0x05
    17a2:	89 30       	cpi	r24, 0x09	; 9
    17a4:	10 f5       	brcc	.+68     	; 0x17ea <LCD_StoreSpecialCharacter+0x66>
    {
        return ; 
    }

    uint8_t LocationAddress = Location*Lcd_CGRAMMaxSizeofLocation;
    17a6:	8d 81       	ldd	r24, Y+5	; 0x05
    17a8:	88 0f       	add	r24, r24
    17aa:	88 0f       	add	r24, r24
    17ac:	88 0f       	add	r24, r24
    17ae:	8a 83       	std	Y+2, r24	; 0x02
    LCD_SendCommand(Lcd_SetCGRAMCommand|LocationAddress);
    17b0:	8a 81       	ldd	r24, Y+2	; 0x02
    17b2:	80 64       	ori	r24, 0x40	; 64
    17b4:	0e 94 33 0a 	call	0x1466	; 0x1466 <LCD_SendCommand>
    uint8_t counter = 0 ;
    17b8:	19 82       	std	Y+1, r1	; 0x01
    for(counter=0;counter<Lcd_CGRAMMaxSizeofLocation;counter++)
    17ba:	19 82       	std	Y+1, r1	; 0x01
    17bc:	0e c0       	rjmp	.+28     	; 0x17da <LCD_StoreSpecialCharacter+0x56>
    {
        LCD_WriteCharacter(SpecialCharacter[counter]);
    17be:	89 81       	ldd	r24, Y+1	; 0x01
    17c0:	88 2f       	mov	r24, r24
    17c2:	90 e0       	ldi	r25, 0x00	; 0
    17c4:	2b 81       	ldd	r18, Y+3	; 0x03
    17c6:	3c 81       	ldd	r19, Y+4	; 0x04
    17c8:	82 0f       	add	r24, r18
    17ca:	93 1f       	adc	r25, r19
    17cc:	fc 01       	movw	r30, r24
    17ce:	80 81       	ld	r24, Z
    17d0:	0e 94 d2 0a 	call	0x15a4	; 0x15a4 <LCD_WriteCharacter>
    }

    uint8_t LocationAddress = Location*Lcd_CGRAMMaxSizeofLocation;
    LCD_SendCommand(Lcd_SetCGRAMCommand|LocationAddress);
    uint8_t counter = 0 ;
    for(counter=0;counter<Lcd_CGRAMMaxSizeofLocation;counter++)
    17d4:	89 81       	ldd	r24, Y+1	; 0x01
    17d6:	8f 5f       	subi	r24, 0xFF	; 255
    17d8:	89 83       	std	Y+1, r24	; 0x01
    17da:	89 81       	ldd	r24, Y+1	; 0x01
    17dc:	88 30       	cpi	r24, 0x08	; 8
    17de:	78 f3       	brcs	.-34     	; 0x17be <LCD_StoreSpecialCharacter+0x3a>
    {
        LCD_WriteCharacter(SpecialCharacter[counter]);
    }
    LCD_MoveTo(Lcd_Line1,0);
    17e0:	60 e0       	ldi	r22, 0x00	; 0
    17e2:	80 e0       	ldi	r24, 0x00	; 0
    17e4:	0e 94 9f 0b 	call	0x173e	; 0x173e <LCD_MoveTo>
    17e8:	01 c0       	rjmp	.+2      	; 0x17ec <LCD_StoreSpecialCharacter+0x68>
}
void LCD_StoreSpecialCharacter(uint8_t * SpecialCharacter , uint8_t Location)
{
    if(SpecialCharacter==NULL||Location>Lcd_CGRAMMaxLocation)
    {
        return ; 
    17ea:	00 00       	nop
    {
        LCD_WriteCharacter(SpecialCharacter[counter]);
    }
    LCD_MoveTo(Lcd_Line1,0);

}
    17ec:	0f 90       	pop	r0
    17ee:	0f 90       	pop	r0
    17f0:	0f 90       	pop	r0
    17f2:	0f 90       	pop	r0
    17f4:	0f 90       	pop	r0
    17f6:	df 91       	pop	r29
    17f8:	cf 91       	pop	r28
    17fa:	08 95       	ret

000017fc <LCD_WriteNumber>:
void LCD_WriteNumber(int32_t Number)
{
    17fc:	cf 93       	push	r28
    17fe:	df 93       	push	r29
    1800:	cd b7       	in	r28, 0x3d	; 61
    1802:	de b7       	in	r29, 0x3e	; 62
    1804:	60 97       	sbiw	r28, 0x10	; 16
    1806:	0f b6       	in	r0, 0x3f	; 63
    1808:	f8 94       	cli
    180a:	de bf       	out	0x3e, r29	; 62
    180c:	0f be       	out	0x3f, r0	; 63
    180e:	cd bf       	out	0x3d, r28	; 61
    1810:	6d 87       	std	Y+13, r22	; 0x0d
    1812:	7e 87       	std	Y+14, r23	; 0x0e
    1814:	8f 87       	std	Y+15, r24	; 0x0f
    1816:	98 8b       	std	Y+16, r25	; 0x10
    uint8_t NumberDigits[10]={0};
    1818:	2a e0       	ldi	r18, 0x0A	; 10
    181a:	ce 01       	movw	r24, r28
    181c:	03 96       	adiw	r24, 0x03	; 3
    181e:	fc 01       	movw	r30, r24
    1820:	32 2f       	mov	r19, r18
    1822:	11 92       	st	Z+, r1
    1824:	3a 95       	dec	r19
    1826:	e9 f7       	brne	.-6      	; 0x1822 <LCD_WriteNumber+0x26>
    uint8_t Index = 0 ;
    1828:	19 82       	std	Y+1, r1	; 0x01
    int8_t Counter = 0 ;
    182a:	1a 82       	std	Y+2, r1	; 0x02
    if(Number==0)
    182c:	8d 85       	ldd	r24, Y+13	; 0x0d
    182e:	9e 85       	ldd	r25, Y+14	; 0x0e
    1830:	af 85       	ldd	r26, Y+15	; 0x0f
    1832:	b8 89       	ldd	r27, Y+16	; 0x10
    1834:	89 2b       	or	r24, r25
    1836:	8a 2b       	or	r24, r26
    1838:	8b 2b       	or	r24, r27
    183a:	21 f4       	brne	.+8      	; 0x1844 <LCD_WriteNumber+0x48>
    {
        LCD_WriteCharacter('0');
    183c:	80 e3       	ldi	r24, 0x30	; 48
    183e:	0e 94 d2 0a 	call	0x15a4	; 0x15a4 <LCD_WriteCharacter>
    1842:	69 c0       	rjmp	.+210    	; 0x1916 <LCD_WriteNumber+0x11a>
        return ;
    }
    if(Number<0)
    1844:	8d 85       	ldd	r24, Y+13	; 0x0d
    1846:	9e 85       	ldd	r25, Y+14	; 0x0e
    1848:	af 85       	ldd	r26, Y+15	; 0x0f
    184a:	b8 89       	ldd	r27, Y+16	; 0x10
    184c:	bb 23       	and	r27, r27
    184e:	0c f0       	brlt	.+2      	; 0x1852 <LCD_WriteNumber+0x56>
    1850:	43 c0       	rjmp	.+134    	; 0x18d8 <LCD_WriteNumber+0xdc>
    {
       LCD_WriteCharacter('-');
    1852:	8d e2       	ldi	r24, 0x2D	; 45
    1854:	0e 94 d2 0a 	call	0x15a4	; 0x15a4 <LCD_WriteCharacter>
       Number = Number * -1 ; 
    1858:	8d 85       	ldd	r24, Y+13	; 0x0d
    185a:	9e 85       	ldd	r25, Y+14	; 0x0e
    185c:	af 85       	ldd	r26, Y+15	; 0x0f
    185e:	b8 89       	ldd	r27, Y+16	; 0x10
    1860:	b0 95       	com	r27
    1862:	a0 95       	com	r26
    1864:	90 95       	com	r25
    1866:	81 95       	neg	r24
    1868:	9f 4f       	sbci	r25, 0xFF	; 255
    186a:	af 4f       	sbci	r26, 0xFF	; 255
    186c:	bf 4f       	sbci	r27, 0xFF	; 255
    186e:	8d 87       	std	Y+13, r24	; 0x0d
    1870:	9e 87       	std	Y+14, r25	; 0x0e
    1872:	af 87       	std	Y+15, r26	; 0x0f
    1874:	b8 8b       	std	Y+16, r27	; 0x10
    }
    while(Number!=0)
    1876:	30 c0       	rjmp	.+96     	; 0x18d8 <LCD_WriteNumber+0xdc>
    {
        // spreted Numbers 
        NumberDigits[Index] = (Number %10)+'0';
    1878:	8d 85       	ldd	r24, Y+13	; 0x0d
    187a:	9e 85       	ldd	r25, Y+14	; 0x0e
    187c:	af 85       	ldd	r26, Y+15	; 0x0f
    187e:	b8 89       	ldd	r27, Y+16	; 0x10
    1880:	2a e0       	ldi	r18, 0x0A	; 10
    1882:	30 e0       	ldi	r19, 0x00	; 0
    1884:	40 e0       	ldi	r20, 0x00	; 0
    1886:	50 e0       	ldi	r21, 0x00	; 0
    1888:	bc 01       	movw	r22, r24
    188a:	cd 01       	movw	r24, r26
    188c:	0e 94 46 10 	call	0x208c	; 0x208c <__divmodsi4>
    1890:	dc 01       	movw	r26, r24
    1892:	cb 01       	movw	r24, r22
    1894:	28 2f       	mov	r18, r24
    1896:	89 81       	ldd	r24, Y+1	; 0x01
    1898:	88 2f       	mov	r24, r24
    189a:	90 e0       	ldi	r25, 0x00	; 0
    189c:	40 e3       	ldi	r20, 0x30	; 48
    189e:	42 0f       	add	r20, r18
    18a0:	9e 01       	movw	r18, r28
    18a2:	2d 5f       	subi	r18, 0xFD	; 253
    18a4:	3f 4f       	sbci	r19, 0xFF	; 255
    18a6:	82 0f       	add	r24, r18
    18a8:	93 1f       	adc	r25, r19
    18aa:	fc 01       	movw	r30, r24
    18ac:	40 83       	st	Z, r20
        Number=Number/10;
    18ae:	8d 85       	ldd	r24, Y+13	; 0x0d
    18b0:	9e 85       	ldd	r25, Y+14	; 0x0e
    18b2:	af 85       	ldd	r26, Y+15	; 0x0f
    18b4:	b8 89       	ldd	r27, Y+16	; 0x10
    18b6:	2a e0       	ldi	r18, 0x0A	; 10
    18b8:	30 e0       	ldi	r19, 0x00	; 0
    18ba:	40 e0       	ldi	r20, 0x00	; 0
    18bc:	50 e0       	ldi	r21, 0x00	; 0
    18be:	bc 01       	movw	r22, r24
    18c0:	cd 01       	movw	r24, r26
    18c2:	0e 94 46 10 	call	0x208c	; 0x208c <__divmodsi4>
    18c6:	da 01       	movw	r26, r20
    18c8:	c9 01       	movw	r24, r18
    18ca:	8d 87       	std	Y+13, r24	; 0x0d
    18cc:	9e 87       	std	Y+14, r25	; 0x0e
    18ce:	af 87       	std	Y+15, r26	; 0x0f
    18d0:	b8 8b       	std	Y+16, r27	; 0x10
        Index++;
    18d2:	89 81       	ldd	r24, Y+1	; 0x01
    18d4:	8f 5f       	subi	r24, 0xFF	; 255
    18d6:	89 83       	std	Y+1, r24	; 0x01
    if(Number<0)
    {
       LCD_WriteCharacter('-');
       Number = Number * -1 ; 
    }
    while(Number!=0)
    18d8:	8d 85       	ldd	r24, Y+13	; 0x0d
    18da:	9e 85       	ldd	r25, Y+14	; 0x0e
    18dc:	af 85       	ldd	r26, Y+15	; 0x0f
    18de:	b8 89       	ldd	r27, Y+16	; 0x10
    18e0:	89 2b       	or	r24, r25
    18e2:	8a 2b       	or	r24, r26
    18e4:	8b 2b       	or	r24, r27
    18e6:	41 f6       	brne	.-112    	; 0x1878 <LCD_WriteNumber+0x7c>
        // spreted Numbers 
        NumberDigits[Index] = (Number %10)+'0';
        Number=Number/10;
        Index++;
    }
    for(Counter=Index-1;Counter>=0;Counter--)
    18e8:	89 81       	ldd	r24, Y+1	; 0x01
    18ea:	81 50       	subi	r24, 0x01	; 1
    18ec:	8a 83       	std	Y+2, r24	; 0x02
    18ee:	10 c0       	rjmp	.+32     	; 0x1910 <LCD_WriteNumber+0x114>
    {
        LCD_WriteCharacter(NumberDigits[Counter]);
    18f0:	8a 81       	ldd	r24, Y+2	; 0x02
    18f2:	08 2e       	mov	r0, r24
    18f4:	00 0c       	add	r0, r0
    18f6:	99 0b       	sbc	r25, r25
    18f8:	9e 01       	movw	r18, r28
    18fa:	2d 5f       	subi	r18, 0xFD	; 253
    18fc:	3f 4f       	sbci	r19, 0xFF	; 255
    18fe:	82 0f       	add	r24, r18
    1900:	93 1f       	adc	r25, r19
    1902:	fc 01       	movw	r30, r24
    1904:	80 81       	ld	r24, Z
    1906:	0e 94 d2 0a 	call	0x15a4	; 0x15a4 <LCD_WriteCharacter>
        // spreted Numbers 
        NumberDigits[Index] = (Number %10)+'0';
        Number=Number/10;
        Index++;
    }
    for(Counter=Index-1;Counter>=0;Counter--)
    190a:	8a 81       	ldd	r24, Y+2	; 0x02
    190c:	81 50       	subi	r24, 0x01	; 1
    190e:	8a 83       	std	Y+2, r24	; 0x02
    1910:	8a 81       	ldd	r24, Y+2	; 0x02
    1912:	88 23       	and	r24, r24
    1914:	6c f7       	brge	.-38     	; 0x18f0 <LCD_WriteNumber+0xf4>
    {
        LCD_WriteCharacter(NumberDigits[Counter]);
    }
    1916:	60 96       	adiw	r28, 0x10	; 16
    1918:	0f b6       	in	r0, 0x3f	; 63
    191a:	f8 94       	cli
    191c:	de bf       	out	0x3e, r29	; 62
    191e:	0f be       	out	0x3f, r0	; 63
    1920:	cd bf       	out	0x3d, r28	; 61
    1922:	df 91       	pop	r29
    1924:	cf 91       	pop	r28
    1926:	08 95       	ret

00001928 <KPD_Init>:
 */

#include "KPD_Interface.h"
#include <util/delay.h>
void KPD_Init()
{
    1928:	cf 93       	push	r28
    192a:	df 93       	push	r29
    192c:	cd b7       	in	r28, 0x3d	; 61
    192e:	de b7       	in	r29, 0x3e	; 62
    1930:	62 97       	sbiw	r28, 0x12	; 18
    1932:	0f b6       	in	r0, 0x3f	; 63
    1934:	f8 94       	cli
    1936:	de bf       	out	0x3e, r29	; 62
    1938:	0f be       	out	0x3f, r0	; 63
    193a:	cd bf       	out	0x3d, r28	; 61
    uint8_t KPD_RowGroups[KPD_RowNo] = KPD_RowGroupsConfigured;
    193c:	82 e0       	ldi	r24, 0x02	; 2
    193e:	8b 83       	std	Y+3, r24	; 0x03
    1940:	82 e0       	ldi	r24, 0x02	; 2
    1942:	8c 83       	std	Y+4, r24	; 0x04
    1944:	82 e0       	ldi	r24, 0x02	; 2
    1946:	8d 83       	std	Y+5, r24	; 0x05
    1948:	82 e0       	ldi	r24, 0x02	; 2
    194a:	8e 83       	std	Y+6, r24	; 0x06
    uint8_t KPD_RowPins[KPD_RowNo] = KPD_RowPinsConfigured;
    194c:	1f 82       	std	Y+7, r1	; 0x07
    194e:	81 e0       	ldi	r24, 0x01	; 1
    1950:	88 87       	std	Y+8, r24	; 0x08
    1952:	82 e0       	ldi	r24, 0x02	; 2
    1954:	89 87       	std	Y+9, r24	; 0x09
    1956:	83 e0       	ldi	r24, 0x03	; 3
    1958:	8a 87       	std	Y+10, r24	; 0x0a
    uint8_t KPD_ColGroups[KPD_ColNo] = KPD_ColGroupsConfigured;
    195a:	82 e0       	ldi	r24, 0x02	; 2
    195c:	8b 87       	std	Y+11, r24	; 0x0b
    195e:	82 e0       	ldi	r24, 0x02	; 2
    1960:	8c 87       	std	Y+12, r24	; 0x0c
    1962:	82 e0       	ldi	r24, 0x02	; 2
    1964:	8d 87       	std	Y+13, r24	; 0x0d
    1966:	82 e0       	ldi	r24, 0x02	; 2
    1968:	8e 87       	std	Y+14, r24	; 0x0e
    uint8_t KPD_ColPins[KPD_ColNo] = KPD_ColPinsConfigured;
    196a:	84 e0       	ldi	r24, 0x04	; 4
    196c:	8f 87       	std	Y+15, r24	; 0x0f
    196e:	85 e0       	ldi	r24, 0x05	; 5
    1970:	88 8b       	std	Y+16, r24	; 0x10
    1972:	86 e0       	ldi	r24, 0x06	; 6
    1974:	89 8b       	std	Y+17, r24	; 0x11
    1976:	87 e0       	ldi	r24, 0x07	; 7
    1978:	8a 8b       	std	Y+18, r24	; 0x12

    // Row as Input 
    // Row as Internal Pull Up 
    for(uint8_t RowIndex = 0;RowIndex<KPD_RowNo;RowIndex++)
    197a:	19 82       	std	Y+1, r1	; 0x01
    197c:	33 c0       	rjmp	.+102    	; 0x19e4 <KPD_Init+0xbc>
    {
        DIO_DirectionSelectForPin(KPD_RowGroups[RowIndex],KPD_RowPins[RowIndex],DIO_Input);
    197e:	89 81       	ldd	r24, Y+1	; 0x01
    1980:	88 2f       	mov	r24, r24
    1982:	90 e0       	ldi	r25, 0x00	; 0
    1984:	9e 01       	movw	r18, r28
    1986:	29 5f       	subi	r18, 0xF9	; 249
    1988:	3f 4f       	sbci	r19, 0xFF	; 255
    198a:	82 0f       	add	r24, r18
    198c:	93 1f       	adc	r25, r19
    198e:	fc 01       	movw	r30, r24
    1990:	50 81       	ld	r21, Z
    1992:	89 81       	ldd	r24, Y+1	; 0x01
    1994:	88 2f       	mov	r24, r24
    1996:	90 e0       	ldi	r25, 0x00	; 0
    1998:	9e 01       	movw	r18, r28
    199a:	2d 5f       	subi	r18, 0xFD	; 253
    199c:	3f 4f       	sbci	r19, 0xFF	; 255
    199e:	82 0f       	add	r24, r18
    19a0:	93 1f       	adc	r25, r19
    19a2:	fc 01       	movw	r30, r24
    19a4:	80 81       	ld	r24, Z
    19a6:	40 e0       	ldi	r20, 0x00	; 0
    19a8:	65 2f       	mov	r22, r21
    19aa:	0e 94 9a 02 	call	0x534	; 0x534 <DIO_DirectionSelectForPin>
        DIO_InternalPullUpControl(KPD_RowGroups[RowIndex],KPD_RowPins[RowIndex],Enable);
    19ae:	89 81       	ldd	r24, Y+1	; 0x01
    19b0:	88 2f       	mov	r24, r24
    19b2:	90 e0       	ldi	r25, 0x00	; 0
    19b4:	9e 01       	movw	r18, r28
    19b6:	29 5f       	subi	r18, 0xF9	; 249
    19b8:	3f 4f       	sbci	r19, 0xFF	; 255
    19ba:	82 0f       	add	r24, r18
    19bc:	93 1f       	adc	r25, r19
    19be:	fc 01       	movw	r30, r24
    19c0:	50 81       	ld	r21, Z
    19c2:	89 81       	ldd	r24, Y+1	; 0x01
    19c4:	88 2f       	mov	r24, r24
    19c6:	90 e0       	ldi	r25, 0x00	; 0
    19c8:	9e 01       	movw	r18, r28
    19ca:	2d 5f       	subi	r18, 0xFD	; 253
    19cc:	3f 4f       	sbci	r19, 0xFF	; 255
    19ce:	82 0f       	add	r24, r18
    19d0:	93 1f       	adc	r25, r19
    19d2:	fc 01       	movw	r30, r24
    19d4:	80 81       	ld	r24, Z
    19d6:	41 e0       	ldi	r20, 0x01	; 1
    19d8:	65 2f       	mov	r22, r21
    19da:	0e 94 82 06 	call	0xd04	; 0xd04 <DIO_InternalPullUpControl>
    uint8_t KPD_ColGroups[KPD_ColNo] = KPD_ColGroupsConfigured;
    uint8_t KPD_ColPins[KPD_ColNo] = KPD_ColPinsConfigured;

    // Row as Input 
    // Row as Internal Pull Up 
    for(uint8_t RowIndex = 0;RowIndex<KPD_RowNo;RowIndex++)
    19de:	89 81       	ldd	r24, Y+1	; 0x01
    19e0:	8f 5f       	subi	r24, 0xFF	; 255
    19e2:	89 83       	std	Y+1, r24	; 0x01
    19e4:	89 81       	ldd	r24, Y+1	; 0x01
    19e6:	84 30       	cpi	r24, 0x04	; 4
    19e8:	50 f2       	brcs	.-108    	; 0x197e <KPD_Init+0x56>
        DIO_DirectionSelectForPin(KPD_RowGroups[RowIndex],KPD_RowPins[RowIndex],DIO_Input);
        DIO_InternalPullUpControl(KPD_RowGroups[RowIndex],KPD_RowPins[RowIndex],Enable);
    }
    // Coloum as Output
    // Coloum Init value as High  
    for(uint8_t ColIndex = 0;ColIndex<KPD_ColNo;ColIndex++)
    19ea:	1a 82       	std	Y+2, r1	; 0x02
    19ec:	33 c0       	rjmp	.+102    	; 0x1a54 <KPD_Init+0x12c>
    {
        DIO_DirectionSelectForPin(KPD_ColGroups[ColIndex],KPD_ColPins[ColIndex],DIO_Output);
    19ee:	8a 81       	ldd	r24, Y+2	; 0x02
    19f0:	88 2f       	mov	r24, r24
    19f2:	90 e0       	ldi	r25, 0x00	; 0
    19f4:	9e 01       	movw	r18, r28
    19f6:	21 5f       	subi	r18, 0xF1	; 241
    19f8:	3f 4f       	sbci	r19, 0xFF	; 255
    19fa:	82 0f       	add	r24, r18
    19fc:	93 1f       	adc	r25, r19
    19fe:	fc 01       	movw	r30, r24
    1a00:	50 81       	ld	r21, Z
    1a02:	8a 81       	ldd	r24, Y+2	; 0x02
    1a04:	88 2f       	mov	r24, r24
    1a06:	90 e0       	ldi	r25, 0x00	; 0
    1a08:	9e 01       	movw	r18, r28
    1a0a:	25 5f       	subi	r18, 0xF5	; 245
    1a0c:	3f 4f       	sbci	r19, 0xFF	; 255
    1a0e:	82 0f       	add	r24, r18
    1a10:	93 1f       	adc	r25, r19
    1a12:	fc 01       	movw	r30, r24
    1a14:	80 81       	ld	r24, Z
    1a16:	41 e0       	ldi	r20, 0x01	; 1
    1a18:	65 2f       	mov	r22, r21
    1a1a:	0e 94 9a 02 	call	0x534	; 0x534 <DIO_DirectionSelectForPin>
        DIO_WriteForPin(KPD_ColGroups[ColIndex],KPD_ColPins[ColIndex],DIO_High);
    1a1e:	8a 81       	ldd	r24, Y+2	; 0x02
    1a20:	88 2f       	mov	r24, r24
    1a22:	90 e0       	ldi	r25, 0x00	; 0
    1a24:	9e 01       	movw	r18, r28
    1a26:	21 5f       	subi	r18, 0xF1	; 241
    1a28:	3f 4f       	sbci	r19, 0xFF	; 255
    1a2a:	82 0f       	add	r24, r18
    1a2c:	93 1f       	adc	r25, r19
    1a2e:	fc 01       	movw	r30, r24
    1a30:	50 81       	ld	r21, Z
    1a32:	8a 81       	ldd	r24, Y+2	; 0x02
    1a34:	88 2f       	mov	r24, r24
    1a36:	90 e0       	ldi	r25, 0x00	; 0
    1a38:	9e 01       	movw	r18, r28
    1a3a:	25 5f       	subi	r18, 0xF5	; 245
    1a3c:	3f 4f       	sbci	r19, 0xFF	; 255
    1a3e:	82 0f       	add	r24, r18
    1a40:	93 1f       	adc	r25, r19
    1a42:	fc 01       	movw	r30, r24
    1a44:	80 81       	ld	r24, Z
    1a46:	41 e0       	ldi	r20, 0x01	; 1
    1a48:	65 2f       	mov	r22, r21
    1a4a:	0e 94 fe 03 	call	0x7fc	; 0x7fc <DIO_WriteForPin>
        DIO_DirectionSelectForPin(KPD_RowGroups[RowIndex],KPD_RowPins[RowIndex],DIO_Input);
        DIO_InternalPullUpControl(KPD_RowGroups[RowIndex],KPD_RowPins[RowIndex],Enable);
    }
    // Coloum as Output
    // Coloum Init value as High  
    for(uint8_t ColIndex = 0;ColIndex<KPD_ColNo;ColIndex++)
    1a4e:	8a 81       	ldd	r24, Y+2	; 0x02
    1a50:	8f 5f       	subi	r24, 0xFF	; 255
    1a52:	8a 83       	std	Y+2, r24	; 0x02
    1a54:	8a 81       	ldd	r24, Y+2	; 0x02
    1a56:	84 30       	cpi	r24, 0x04	; 4
    1a58:	50 f2       	brcs	.-108    	; 0x19ee <KPD_Init+0xc6>
    {
        DIO_DirectionSelectForPin(KPD_ColGroups[ColIndex],KPD_ColPins[ColIndex],DIO_Output);
        DIO_WriteForPin(KPD_ColGroups[ColIndex],KPD_ColPins[ColIndex],DIO_High);
    }
}
    1a5a:	00 00       	nop
    1a5c:	62 96       	adiw	r28, 0x12	; 18
    1a5e:	0f b6       	in	r0, 0x3f	; 63
    1a60:	f8 94       	cli
    1a62:	de bf       	out	0x3e, r29	; 62
    1a64:	0f be       	out	0x3f, r0	; 63
    1a66:	cd bf       	out	0x3d, r28	; 61
    1a68:	df 91       	pop	r29
    1a6a:	cf 91       	pop	r28
    1a6c:	08 95       	ret

00001a6e <KPD_GetKPDValue>:
void KPD_GetKPDValue(uint8_t *KPD_Value)
{
    1a6e:	cf 93       	push	r28
    1a70:	df 93       	push	r29
    1a72:	cd b7       	in	r28, 0x3d	; 61
    1a74:	de b7       	in	r29, 0x3e	; 62
    1a76:	e3 97       	sbiw	r28, 0x33	; 51
    1a78:	0f b6       	in	r0, 0x3f	; 63
    1a7a:	f8 94       	cli
    1a7c:	de bf       	out	0x3e, r29	; 62
    1a7e:	0f be       	out	0x3f, r0	; 63
    1a80:	cd bf       	out	0x3d, r28	; 61
    1a82:	9b ab       	std	Y+51, r25	; 0x33
    1a84:	8a ab       	std	Y+50, r24	; 0x32
    if(KPD_Value==NULL)
    1a86:	8a a9       	ldd	r24, Y+50	; 0x32
    1a88:	9b a9       	ldd	r25, Y+51	; 0x33
    1a8a:	89 2b       	or	r24, r25
    1a8c:	09 f4       	brne	.+2      	; 0x1a90 <KPD_GetKPDValue+0x22>
    1a8e:	50 c1       	rjmp	.+672    	; 0x1d30 <KPD_GetKPDValue+0x2c2>
    {
        return ;
    }
    uint8_t KPDValues[KPD_RowNo][KPD_ColNo]=KPDValueConfigured;
    1a90:	80 e1       	ldi	r24, 0x10	; 16
    1a92:	ec e6       	ldi	r30, 0x6C	; 108
    1a94:	f0 e0       	ldi	r31, 0x00	; 0
    1a96:	de 01       	movw	r26, r28
    1a98:	51 96       	adiw	r26, 0x11	; 17
    1a9a:	01 90       	ld	r0, Z+
    1a9c:	0d 92       	st	X+, r0
    1a9e:	8a 95       	dec	r24
    1aa0:	e1 f7       	brne	.-8      	; 0x1a9a <KPD_GetKPDValue+0x2c>
    uint8_t KPD_RowGroups[KPD_RowNo] = KPD_RowGroupsConfigured;
    1aa2:	82 e0       	ldi	r24, 0x02	; 2
    1aa4:	89 a3       	std	Y+33, r24	; 0x21
    1aa6:	82 e0       	ldi	r24, 0x02	; 2
    1aa8:	8a a3       	std	Y+34, r24	; 0x22
    1aaa:	82 e0       	ldi	r24, 0x02	; 2
    1aac:	8b a3       	std	Y+35, r24	; 0x23
    1aae:	82 e0       	ldi	r24, 0x02	; 2
    1ab0:	8c a3       	std	Y+36, r24	; 0x24
    uint8_t KPD_RowPins[KPD_RowNo] = KPD_RowPinsConfigured;
    1ab2:	1d a2       	std	Y+37, r1	; 0x25
    1ab4:	81 e0       	ldi	r24, 0x01	; 1
    1ab6:	8e a3       	std	Y+38, r24	; 0x26
    1ab8:	82 e0       	ldi	r24, 0x02	; 2
    1aba:	8f a3       	std	Y+39, r24	; 0x27
    1abc:	83 e0       	ldi	r24, 0x03	; 3
    1abe:	88 a7       	std	Y+40, r24	; 0x28
    uint8_t KPD_ColGroups[KPD_ColNo] = KPD_ColGroupsConfigured;
    1ac0:	82 e0       	ldi	r24, 0x02	; 2
    1ac2:	89 a7       	std	Y+41, r24	; 0x29
    1ac4:	82 e0       	ldi	r24, 0x02	; 2
    1ac6:	8a a7       	std	Y+42, r24	; 0x2a
    1ac8:	82 e0       	ldi	r24, 0x02	; 2
    1aca:	8b a7       	std	Y+43, r24	; 0x2b
    1acc:	82 e0       	ldi	r24, 0x02	; 2
    1ace:	8c a7       	std	Y+44, r24	; 0x2c
    uint8_t KPD_ColPins[KPD_ColNo] = KPD_ColPinsConfigured;
    1ad0:	84 e0       	ldi	r24, 0x04	; 4
    1ad2:	8d a7       	std	Y+45, r24	; 0x2d
    1ad4:	85 e0       	ldi	r24, 0x05	; 5
    1ad6:	8e a7       	std	Y+46, r24	; 0x2e
    1ad8:	86 e0       	ldi	r24, 0x06	; 6
    1ada:	8f a7       	std	Y+47, r24	; 0x2f
    1adc:	87 e0       	ldi	r24, 0x07	; 7
    1ade:	88 ab       	std	Y+48, r24	; 0x30

    *KPD_Value=0xFF;
    1ae0:	8a a9       	ldd	r24, Y+50	; 0x32
    1ae2:	9b a9       	ldd	r25, Y+51	; 0x33
    1ae4:	2f ef       	ldi	r18, 0xFF	; 255
    1ae6:	fc 01       	movw	r30, r24
    1ae8:	20 83       	st	Z, r18
    uint8_t IsBtnPressed = 1;
    1aea:	81 e0       	ldi	r24, 0x01	; 1
    1aec:	89 ab       	std	Y+49, r24	; 0x31
    for(uint8_t C = 0 ;C<KPD_ColNo;C++)
    1aee:	19 82       	std	Y+1, r1	; 0x01
    1af0:	1a c1       	rjmp	.+564    	; 0x1d26 <KPD_GetKPDValue+0x2b8>
    {
        DIO_WriteForPin(KPD_ColGroups[C],KPD_ColPins[C],DIO_Low);
    1af2:	89 81       	ldd	r24, Y+1	; 0x01
    1af4:	88 2f       	mov	r24, r24
    1af6:	90 e0       	ldi	r25, 0x00	; 0
    1af8:	9e 01       	movw	r18, r28
    1afa:	23 5d       	subi	r18, 0xD3	; 211
    1afc:	3f 4f       	sbci	r19, 0xFF	; 255
    1afe:	82 0f       	add	r24, r18
    1b00:	93 1f       	adc	r25, r19
    1b02:	fc 01       	movw	r30, r24
    1b04:	50 81       	ld	r21, Z
    1b06:	89 81       	ldd	r24, Y+1	; 0x01
    1b08:	88 2f       	mov	r24, r24
    1b0a:	90 e0       	ldi	r25, 0x00	; 0
    1b0c:	9e 01       	movw	r18, r28
    1b0e:	27 5d       	subi	r18, 0xD7	; 215
    1b10:	3f 4f       	sbci	r19, 0xFF	; 255
    1b12:	82 0f       	add	r24, r18
    1b14:	93 1f       	adc	r25, r19
    1b16:	fc 01       	movw	r30, r24
    1b18:	80 81       	ld	r24, Z
    1b1a:	40 e0       	ldi	r20, 0x00	; 0
    1b1c:	65 2f       	mov	r22, r21
    1b1e:	0e 94 fe 03 	call	0x7fc	; 0x7fc <DIO_WriteForPin>
        for(uint8_t R=0;R<KPD_RowNo;R++)
    1b22:	1a 82       	std	Y+2, r1	; 0x02
    1b24:	e1 c0       	rjmp	.+450    	; 0x1ce8 <KPD_GetKPDValue+0x27a>
        {
            DIO_ReadInputForPin(KPD_RowGroups[R],KPD_RowPins[R],&IsBtnPressed);
    1b26:	8a 81       	ldd	r24, Y+2	; 0x02
    1b28:	88 2f       	mov	r24, r24
    1b2a:	90 e0       	ldi	r25, 0x00	; 0
    1b2c:	9e 01       	movw	r18, r28
    1b2e:	2b 5d       	subi	r18, 0xDB	; 219
    1b30:	3f 4f       	sbci	r19, 0xFF	; 255
    1b32:	82 0f       	add	r24, r18
    1b34:	93 1f       	adc	r25, r19
    1b36:	fc 01       	movw	r30, r24
    1b38:	60 81       	ld	r22, Z
    1b3a:	8a 81       	ldd	r24, Y+2	; 0x02
    1b3c:	88 2f       	mov	r24, r24
    1b3e:	90 e0       	ldi	r25, 0x00	; 0
    1b40:	9e 01       	movw	r18, r28
    1b42:	2f 5d       	subi	r18, 0xDF	; 223
    1b44:	3f 4f       	sbci	r19, 0xFF	; 255
    1b46:	82 0f       	add	r24, r18
    1b48:	93 1f       	adc	r25, r19
    1b4a:	fc 01       	movw	r30, r24
    1b4c:	20 81       	ld	r18, Z
    1b4e:	ce 01       	movw	r24, r28
    1b50:	c1 96       	adiw	r24, 0x31	; 49
    1b52:	ac 01       	movw	r20, r24
    1b54:	82 2f       	mov	r24, r18
    1b56:	0e 94 f5 04 	call	0x9ea	; 0x9ea <DIO_ReadInputForPin>
            if(IsBtnPressed==0)
    1b5a:	89 a9       	ldd	r24, Y+49	; 0x31
    1b5c:	88 23       	and	r24, r24
    1b5e:	09 f0       	breq	.+2      	; 0x1b62 <KPD_GetKPDValue+0xf4>
    1b60:	c0 c0       	rjmp	.+384    	; 0x1ce2 <KPD_GetKPDValue+0x274>
    1b62:	80 e0       	ldi	r24, 0x00	; 0
    1b64:	90 e0       	ldi	r25, 0x00	; 0
    1b66:	a8 ec       	ldi	r26, 0xC8	; 200
    1b68:	b2 e4       	ldi	r27, 0x42	; 66
    1b6a:	8b 83       	std	Y+3, r24	; 0x03
    1b6c:	9c 83       	std	Y+4, r25	; 0x04
    1b6e:	ad 83       	std	Y+5, r26	; 0x05
    1b70:	be 83       	std	Y+6, r27	; 0x06

	__builtin_avr_delay_cycles(__ticks_dc);

#else
	uint16_t __ticks;
	__tmp = ((F_CPU) / 4e3) * __ms;
    1b72:	20 e0       	ldi	r18, 0x00	; 0
    1b74:	30 e0       	ldi	r19, 0x00	; 0
    1b76:	4a ef       	ldi	r20, 0xFA	; 250
    1b78:	54 e4       	ldi	r21, 0x44	; 68
    1b7a:	6b 81       	ldd	r22, Y+3	; 0x03
    1b7c:	7c 81       	ldd	r23, Y+4	; 0x04
    1b7e:	8d 81       	ldd	r24, Y+5	; 0x05
    1b80:	9e 81       	ldd	r25, Y+6	; 0x06
    1b82:	0e 94 0d 11 	call	0x221a	; 0x221a <__mulsf3>
    1b86:	dc 01       	movw	r26, r24
    1b88:	cb 01       	movw	r24, r22
    1b8a:	8f 83       	std	Y+7, r24	; 0x07
    1b8c:	98 87       	std	Y+8, r25	; 0x08
    1b8e:	a9 87       	std	Y+9, r26	; 0x09
    1b90:	ba 87       	std	Y+10, r27	; 0x0a
	if (__tmp < 1.0)
    1b92:	20 e0       	ldi	r18, 0x00	; 0
    1b94:	30 e0       	ldi	r19, 0x00	; 0
    1b96:	40 e8       	ldi	r20, 0x80	; 128
    1b98:	5f e3       	ldi	r21, 0x3F	; 63
    1b9a:	6f 81       	ldd	r22, Y+7	; 0x07
    1b9c:	78 85       	ldd	r23, Y+8	; 0x08
    1b9e:	89 85       	ldd	r24, Y+9	; 0x09
    1ba0:	9a 85       	ldd	r25, Y+10	; 0x0a
    1ba2:	0e 94 87 10 	call	0x210e	; 0x210e <__cmpsf2>
    1ba6:	88 23       	and	r24, r24
    1ba8:	2c f4       	brge	.+10     	; 0x1bb4 <KPD_GetKPDValue+0x146>
		__ticks = 1;
    1baa:	81 e0       	ldi	r24, 0x01	; 1
    1bac:	90 e0       	ldi	r25, 0x00	; 0
    1bae:	9c 87       	std	Y+12, r25	; 0x0c
    1bb0:	8b 87       	std	Y+11, r24	; 0x0b
    1bb2:	3f c0       	rjmp	.+126    	; 0x1c32 <KPD_GetKPDValue+0x1c4>
	else if (__tmp > 65535)
    1bb4:	20 e0       	ldi	r18, 0x00	; 0
    1bb6:	3f ef       	ldi	r19, 0xFF	; 255
    1bb8:	4f e7       	ldi	r20, 0x7F	; 127
    1bba:	57 e4       	ldi	r21, 0x47	; 71
    1bbc:	6f 81       	ldd	r22, Y+7	; 0x07
    1bbe:	78 85       	ldd	r23, Y+8	; 0x08
    1bc0:	89 85       	ldd	r24, Y+9	; 0x09
    1bc2:	9a 85       	ldd	r25, Y+10	; 0x0a
    1bc4:	0e 94 08 11 	call	0x2210	; 0x2210 <__gesf2>
    1bc8:	18 16       	cp	r1, r24
    1bca:	4c f5       	brge	.+82     	; 0x1c1e <KPD_GetKPDValue+0x1b0>
	{
		//	__ticks = requested delay in 1/10 ms
		__ticks = (uint16_t) (__ms * 10.0);
    1bcc:	20 e0       	ldi	r18, 0x00	; 0
    1bce:	30 e0       	ldi	r19, 0x00	; 0
    1bd0:	40 e2       	ldi	r20, 0x20	; 32
    1bd2:	51 e4       	ldi	r21, 0x41	; 65
    1bd4:	6b 81       	ldd	r22, Y+3	; 0x03
    1bd6:	7c 81       	ldd	r23, Y+4	; 0x04
    1bd8:	8d 81       	ldd	r24, Y+5	; 0x05
    1bda:	9e 81       	ldd	r25, Y+6	; 0x06
    1bdc:	0e 94 0d 11 	call	0x221a	; 0x221a <__mulsf3>
    1be0:	dc 01       	movw	r26, r24
    1be2:	cb 01       	movw	r24, r22
    1be4:	bc 01       	movw	r22, r24
    1be6:	cd 01       	movw	r24, r26
    1be8:	0e 94 8c 10 	call	0x2118	; 0x2118 <__fixunssfsi>
    1bec:	dc 01       	movw	r26, r24
    1bee:	cb 01       	movw	r24, r22
    1bf0:	9c 87       	std	Y+12, r25	; 0x0c
    1bf2:	8b 87       	std	Y+11, r24	; 0x0b
    1bf4:	0f c0       	rjmp	.+30     	; 0x1c14 <KPD_GetKPDValue+0x1a6>
    1bf6:	88 ec       	ldi	r24, 0xC8	; 200
    1bf8:	90 e0       	ldi	r25, 0x00	; 0
    1bfa:	9e 87       	std	Y+14, r25	; 0x0e
    1bfc:	8d 87       	std	Y+13, r24	; 0x0d
    1bfe:	8d 85       	ldd	r24, Y+13	; 0x0d
    1c00:	9e 85       	ldd	r25, Y+14	; 0x0e
    1c02:	01 97       	sbiw	r24, 0x01	; 1
    1c04:	f1 f7       	brne	.-4      	; 0x1c02 <KPD_GetKPDValue+0x194>
    1c06:	9e 87       	std	Y+14, r25	; 0x0e
    1c08:	8d 87       	std	Y+13, r24	; 0x0d
		while(__ticks)
		{
			// wait 1/10 ms
			_delay_loop_2(((F_CPU) / 4e3) / 10);
			__ticks --;
    1c0a:	8b 85       	ldd	r24, Y+11	; 0x0b
    1c0c:	9c 85       	ldd	r25, Y+12	; 0x0c
    1c0e:	01 97       	sbiw	r24, 0x01	; 1
    1c10:	9c 87       	std	Y+12, r25	; 0x0c
    1c12:	8b 87       	std	Y+11, r24	; 0x0b
		__ticks = 1;
	else if (__tmp > 65535)
	{
		//	__ticks = requested delay in 1/10 ms
		__ticks = (uint16_t) (__ms * 10.0);
		while(__ticks)
    1c14:	8b 85       	ldd	r24, Y+11	; 0x0b
    1c16:	9c 85       	ldd	r25, Y+12	; 0x0c
    1c18:	89 2b       	or	r24, r25
    1c1a:	69 f7       	brne	.-38     	; 0x1bf6 <KPD_GetKPDValue+0x188>
    1c1c:	14 c0       	rjmp	.+40     	; 0x1c46 <KPD_GetKPDValue+0x1d8>
			__ticks --;
		}
		return;
	}
	else
		__ticks = (uint16_t)__tmp;
    1c1e:	6f 81       	ldd	r22, Y+7	; 0x07
    1c20:	78 85       	ldd	r23, Y+8	; 0x08
    1c22:	89 85       	ldd	r24, Y+9	; 0x09
    1c24:	9a 85       	ldd	r25, Y+10	; 0x0a
    1c26:	0e 94 8c 10 	call	0x2118	; 0x2118 <__fixunssfsi>
    1c2a:	dc 01       	movw	r26, r24
    1c2c:	cb 01       	movw	r24, r22
    1c2e:	9c 87       	std	Y+12, r25	; 0x0c
    1c30:	8b 87       	std	Y+11, r24	; 0x0b
    1c32:	8b 85       	ldd	r24, Y+11	; 0x0b
    1c34:	9c 85       	ldd	r25, Y+12	; 0x0c
    1c36:	98 8b       	std	Y+16, r25	; 0x10
    1c38:	8f 87       	std	Y+15, r24	; 0x0f
    1c3a:	8f 85       	ldd	r24, Y+15	; 0x0f
    1c3c:	98 89       	ldd	r25, Y+16	; 0x10
    1c3e:	01 97       	sbiw	r24, 0x01	; 1
    1c40:	f1 f7       	brne	.-4      	; 0x1c3e <KPD_GetKPDValue+0x1d0>
    1c42:	98 8b       	std	Y+16, r25	; 0x10
    1c44:	8f 87       	std	Y+15, r24	; 0x0f
            {
                _delay_ms(100);
                DIO_ReadInputForPin(KPD_RowGroups[R],KPD_RowPins[R],&IsBtnPressed);
    1c46:	8a 81       	ldd	r24, Y+2	; 0x02
    1c48:	88 2f       	mov	r24, r24
    1c4a:	90 e0       	ldi	r25, 0x00	; 0
    1c4c:	9e 01       	movw	r18, r28
    1c4e:	2b 5d       	subi	r18, 0xDB	; 219
    1c50:	3f 4f       	sbci	r19, 0xFF	; 255
    1c52:	82 0f       	add	r24, r18
    1c54:	93 1f       	adc	r25, r19
    1c56:	fc 01       	movw	r30, r24
    1c58:	60 81       	ld	r22, Z
    1c5a:	8a 81       	ldd	r24, Y+2	; 0x02
    1c5c:	88 2f       	mov	r24, r24
    1c5e:	90 e0       	ldi	r25, 0x00	; 0
    1c60:	9e 01       	movw	r18, r28
    1c62:	2f 5d       	subi	r18, 0xDF	; 223
    1c64:	3f 4f       	sbci	r19, 0xFF	; 255
    1c66:	82 0f       	add	r24, r18
    1c68:	93 1f       	adc	r25, r19
    1c6a:	fc 01       	movw	r30, r24
    1c6c:	20 81       	ld	r18, Z
    1c6e:	ce 01       	movw	r24, r28
    1c70:	c1 96       	adiw	r24, 0x31	; 49
    1c72:	ac 01       	movw	r20, r24
    1c74:	82 2f       	mov	r24, r18
    1c76:	0e 94 f5 04 	call	0x9ea	; 0x9ea <DIO_ReadInputForPin>
                if(IsBtnPressed==0)
    1c7a:	89 a9       	ldd	r24, Y+49	; 0x31
    1c7c:	88 23       	and	r24, r24
    1c7e:	89 f5       	brne	.+98     	; 0x1ce2 <KPD_GetKPDValue+0x274>
                {
                    *KPD_Value=KPDValues[R][C];
    1c80:	8a 81       	ldd	r24, Y+2	; 0x02
    1c82:	28 2f       	mov	r18, r24
    1c84:	30 e0       	ldi	r19, 0x00	; 0
    1c86:	89 81       	ldd	r24, Y+1	; 0x01
    1c88:	88 2f       	mov	r24, r24
    1c8a:	90 e0       	ldi	r25, 0x00	; 0
    1c8c:	22 0f       	add	r18, r18
    1c8e:	33 1f       	adc	r19, r19
    1c90:	22 0f       	add	r18, r18
    1c92:	33 1f       	adc	r19, r19
    1c94:	ae 01       	movw	r20, r28
    1c96:	4f 5f       	subi	r20, 0xFF	; 255
    1c98:	5f 4f       	sbci	r21, 0xFF	; 255
    1c9a:	24 0f       	add	r18, r20
    1c9c:	35 1f       	adc	r19, r21
    1c9e:	82 0f       	add	r24, r18
    1ca0:	93 1f       	adc	r25, r19
    1ca2:	40 96       	adiw	r24, 0x10	; 16
    1ca4:	fc 01       	movw	r30, r24
    1ca6:	20 81       	ld	r18, Z
    1ca8:	8a a9       	ldd	r24, Y+50	; 0x32
    1caa:	9b a9       	ldd	r25, Y+51	; 0x33
    1cac:	fc 01       	movw	r30, r24
    1cae:	20 83       	st	Z, r18
                    DIO_WriteForPin(KPD_ColGroups[C],KPD_ColPins[C],DIO_High);
    1cb0:	89 81       	ldd	r24, Y+1	; 0x01
    1cb2:	88 2f       	mov	r24, r24
    1cb4:	90 e0       	ldi	r25, 0x00	; 0
    1cb6:	9e 01       	movw	r18, r28
    1cb8:	23 5d       	subi	r18, 0xD3	; 211
    1cba:	3f 4f       	sbci	r19, 0xFF	; 255
    1cbc:	82 0f       	add	r24, r18
    1cbe:	93 1f       	adc	r25, r19
    1cc0:	fc 01       	movw	r30, r24
    1cc2:	50 81       	ld	r21, Z
    1cc4:	89 81       	ldd	r24, Y+1	; 0x01
    1cc6:	88 2f       	mov	r24, r24
    1cc8:	90 e0       	ldi	r25, 0x00	; 0
    1cca:	9e 01       	movw	r18, r28
    1ccc:	27 5d       	subi	r18, 0xD7	; 215
    1cce:	3f 4f       	sbci	r19, 0xFF	; 255
    1cd0:	82 0f       	add	r24, r18
    1cd2:	93 1f       	adc	r25, r19
    1cd4:	fc 01       	movw	r30, r24
    1cd6:	80 81       	ld	r24, Z
    1cd8:	41 e0       	ldi	r20, 0x01	; 1
    1cda:	65 2f       	mov	r22, r21
    1cdc:	0e 94 fe 03 	call	0x7fc	; 0x7fc <DIO_WriteForPin>
                    return ;
    1ce0:	28 c0       	rjmp	.+80     	; 0x1d32 <KPD_GetKPDValue+0x2c4>
    *KPD_Value=0xFF;
    uint8_t IsBtnPressed = 1;
    for(uint8_t C = 0 ;C<KPD_ColNo;C++)
    {
        DIO_WriteForPin(KPD_ColGroups[C],KPD_ColPins[C],DIO_Low);
        for(uint8_t R=0;R<KPD_RowNo;R++)
    1ce2:	8a 81       	ldd	r24, Y+2	; 0x02
    1ce4:	8f 5f       	subi	r24, 0xFF	; 255
    1ce6:	8a 83       	std	Y+2, r24	; 0x02
    1ce8:	8a 81       	ldd	r24, Y+2	; 0x02
    1cea:	84 30       	cpi	r24, 0x04	; 4
    1cec:	08 f4       	brcc	.+2      	; 0x1cf0 <KPD_GetKPDValue+0x282>
    1cee:	1b cf       	rjmp	.-458    	; 0x1b26 <KPD_GetKPDValue+0xb8>
                    return ;
                }

            }
        }
        DIO_WriteForPin(KPD_ColGroups[C],KPD_ColPins[C],DIO_High);
    1cf0:	89 81       	ldd	r24, Y+1	; 0x01
    1cf2:	88 2f       	mov	r24, r24
    1cf4:	90 e0       	ldi	r25, 0x00	; 0
    1cf6:	9e 01       	movw	r18, r28
    1cf8:	23 5d       	subi	r18, 0xD3	; 211
    1cfa:	3f 4f       	sbci	r19, 0xFF	; 255
    1cfc:	82 0f       	add	r24, r18
    1cfe:	93 1f       	adc	r25, r19
    1d00:	fc 01       	movw	r30, r24
    1d02:	50 81       	ld	r21, Z
    1d04:	89 81       	ldd	r24, Y+1	; 0x01
    1d06:	88 2f       	mov	r24, r24
    1d08:	90 e0       	ldi	r25, 0x00	; 0
    1d0a:	9e 01       	movw	r18, r28
    1d0c:	27 5d       	subi	r18, 0xD7	; 215
    1d0e:	3f 4f       	sbci	r19, 0xFF	; 255
    1d10:	82 0f       	add	r24, r18
    1d12:	93 1f       	adc	r25, r19
    1d14:	fc 01       	movw	r30, r24
    1d16:	80 81       	ld	r24, Z
    1d18:	41 e0       	ldi	r20, 0x01	; 1
    1d1a:	65 2f       	mov	r22, r21
    1d1c:	0e 94 fe 03 	call	0x7fc	; 0x7fc <DIO_WriteForPin>
    uint8_t KPD_ColGroups[KPD_ColNo] = KPD_ColGroupsConfigured;
    uint8_t KPD_ColPins[KPD_ColNo] = KPD_ColPinsConfigured;

    *KPD_Value=0xFF;
    uint8_t IsBtnPressed = 1;
    for(uint8_t C = 0 ;C<KPD_ColNo;C++)
    1d20:	89 81       	ldd	r24, Y+1	; 0x01
    1d22:	8f 5f       	subi	r24, 0xFF	; 255
    1d24:	89 83       	std	Y+1, r24	; 0x01
    1d26:	89 81       	ldd	r24, Y+1	; 0x01
    1d28:	84 30       	cpi	r24, 0x04	; 4
    1d2a:	08 f4       	brcc	.+2      	; 0x1d2e <KPD_GetKPDValue+0x2c0>
    1d2c:	e2 ce       	rjmp	.-572    	; 0x1af2 <KPD_GetKPDValue+0x84>
    1d2e:	01 c0       	rjmp	.+2      	; 0x1d32 <KPD_GetKPDValue+0x2c4>
}
void KPD_GetKPDValue(uint8_t *KPD_Value)
{
    if(KPD_Value==NULL)
    {
        return ;
    1d30:	00 00       	nop

            }
        }
        DIO_WriteForPin(KPD_ColGroups[C],KPD_ColPins[C],DIO_High);
    }
}
    1d32:	e3 96       	adiw	r28, 0x33	; 51
    1d34:	0f b6       	in	r0, 0x3f	; 63
    1d36:	f8 94       	cli
    1d38:	de bf       	out	0x3e, r29	; 62
    1d3a:	0f be       	out	0x3f, r0	; 63
    1d3c:	cd bf       	out	0x3d, r28	; 61
    1d3e:	df 91       	pop	r29
    1d40:	cf 91       	pop	r28
    1d42:	08 95       	ret

00001d44 <DC_Init>:

#include "DcMotor_Interface.h"


void DC_Init(Dc_config_t *Config)
{
    1d44:	cf 93       	push	r28
    1d46:	df 93       	push	r29
    1d48:	00 d0       	rcall	.+0      	; 0x1d4a <DC_Init+0x6>
    1d4a:	cd b7       	in	r28, 0x3d	; 61
    1d4c:	de b7       	in	r29, 0x3e	; 62
    1d4e:	9a 83       	std	Y+2, r25	; 0x02
    1d50:	89 83       	std	Y+1, r24	; 0x01
    if(Config!=NULL)
    1d52:	89 81       	ldd	r24, Y+1	; 0x01
    1d54:	9a 81       	ldd	r25, Y+2	; 0x02
    1d56:	89 2b       	or	r24, r25
    1d58:	89 f1       	breq	.+98     	; 0x1dbc <DC_Init+0x78>
    {
        if(Config->ConnectionType==Dc_WithoutHBridge)
    1d5a:	89 81       	ldd	r24, Y+1	; 0x01
    1d5c:	9a 81       	ldd	r25, Y+2	; 0x02
    1d5e:	fc 01       	movw	r30, r24
    1d60:	80 81       	ld	r24, Z
    1d62:	88 23       	and	r24, r24
    1d64:	69 f4       	brne	.+26     	; 0x1d80 <DC_Init+0x3c>
        {
            DIO_DirectionSelectForPin(Config->Dc_M1Group,Config->Dc_M1Pin,DIO_Output);
    1d66:	89 81       	ldd	r24, Y+1	; 0x01
    1d68:	9a 81       	ldd	r25, Y+2	; 0x02
    1d6a:	fc 01       	movw	r30, r24
    1d6c:	22 81       	ldd	r18, Z+2	; 0x02
    1d6e:	89 81       	ldd	r24, Y+1	; 0x01
    1d70:	9a 81       	ldd	r25, Y+2	; 0x02
    1d72:	fc 01       	movw	r30, r24
    1d74:	81 81       	ldd	r24, Z+1	; 0x01
    1d76:	41 e0       	ldi	r20, 0x01	; 1
    1d78:	62 2f       	mov	r22, r18
    1d7a:	0e 94 9a 02 	call	0x534	; 0x534 <DIO_DirectionSelectForPin>
        else
        {

        }
    }
}
    1d7e:	1e c0       	rjmp	.+60     	; 0x1dbc <DC_Init+0x78>
    {
        if(Config->ConnectionType==Dc_WithoutHBridge)
        {
            DIO_DirectionSelectForPin(Config->Dc_M1Group,Config->Dc_M1Pin,DIO_Output);
        }
        else if (Config->ConnectionType==Dc_WithHBridge)
    1d80:	89 81       	ldd	r24, Y+1	; 0x01
    1d82:	9a 81       	ldd	r25, Y+2	; 0x02
    1d84:	fc 01       	movw	r30, r24
    1d86:	80 81       	ld	r24, Z
    1d88:	81 30       	cpi	r24, 0x01	; 1
    1d8a:	c1 f4       	brne	.+48     	; 0x1dbc <DC_Init+0x78>
        {
            DIO_DirectionSelectForPin(Config->Dc_M1Group,Config->Dc_M1Pin,DIO_Output);
    1d8c:	89 81       	ldd	r24, Y+1	; 0x01
    1d8e:	9a 81       	ldd	r25, Y+2	; 0x02
    1d90:	fc 01       	movw	r30, r24
    1d92:	22 81       	ldd	r18, Z+2	; 0x02
    1d94:	89 81       	ldd	r24, Y+1	; 0x01
    1d96:	9a 81       	ldd	r25, Y+2	; 0x02
    1d98:	fc 01       	movw	r30, r24
    1d9a:	81 81       	ldd	r24, Z+1	; 0x01
    1d9c:	41 e0       	ldi	r20, 0x01	; 1
    1d9e:	62 2f       	mov	r22, r18
    1da0:	0e 94 9a 02 	call	0x534	; 0x534 <DIO_DirectionSelectForPin>
            DIO_DirectionSelectForPin(Config->Dc_M2Group,Config->Dc_M2Pin,DIO_Output);
    1da4:	89 81       	ldd	r24, Y+1	; 0x01
    1da6:	9a 81       	ldd	r25, Y+2	; 0x02
    1da8:	fc 01       	movw	r30, r24
    1daa:	24 81       	ldd	r18, Z+4	; 0x04
    1dac:	89 81       	ldd	r24, Y+1	; 0x01
    1dae:	9a 81       	ldd	r25, Y+2	; 0x02
    1db0:	fc 01       	movw	r30, r24
    1db2:	83 81       	ldd	r24, Z+3	; 0x03
    1db4:	41 e0       	ldi	r20, 0x01	; 1
    1db6:	62 2f       	mov	r22, r18
    1db8:	0e 94 9a 02 	call	0x534	; 0x534 <DIO_DirectionSelectForPin>
        else
        {

        }
    }
}
    1dbc:	00 00       	nop
    1dbe:	0f 90       	pop	r0
    1dc0:	0f 90       	pop	r0
    1dc2:	df 91       	pop	r29
    1dc4:	cf 91       	pop	r28
    1dc6:	08 95       	ret

00001dc8 <DC_On>:
/*API for On Off Control Only*/
void DC_On(Dc_config_t *Config)
{
    1dc8:	cf 93       	push	r28
    1dca:	df 93       	push	r29
    1dcc:	00 d0       	rcall	.+0      	; 0x1dce <DC_On+0x6>
    1dce:	cd b7       	in	r28, 0x3d	; 61
    1dd0:	de b7       	in	r29, 0x3e	; 62
    1dd2:	9a 83       	std	Y+2, r25	; 0x02
    1dd4:	89 83       	std	Y+1, r24	; 0x01
    if(Config!=NULL)
    1dd6:	89 81       	ldd	r24, Y+1	; 0x01
    1dd8:	9a 81       	ldd	r25, Y+2	; 0x02
    1dda:	89 2b       	or	r24, r25
    1ddc:	91 f0       	breq	.+36     	; 0x1e02 <DC_On+0x3a>
    {
        if(Config->ConnectionType==Dc_WithoutHBridge)
    1dde:	89 81       	ldd	r24, Y+1	; 0x01
    1de0:	9a 81       	ldd	r25, Y+2	; 0x02
    1de2:	fc 01       	movw	r30, r24
    1de4:	80 81       	ld	r24, Z
    1de6:	88 23       	and	r24, r24
    1de8:	61 f4       	brne	.+24     	; 0x1e02 <DC_On+0x3a>
        {
            DIO_WriteForPin(Config->Dc_M1Group,Config->Dc_M1Pin,DIO_High);
    1dea:	89 81       	ldd	r24, Y+1	; 0x01
    1dec:	9a 81       	ldd	r25, Y+2	; 0x02
    1dee:	fc 01       	movw	r30, r24
    1df0:	22 81       	ldd	r18, Z+2	; 0x02
    1df2:	89 81       	ldd	r24, Y+1	; 0x01
    1df4:	9a 81       	ldd	r25, Y+2	; 0x02
    1df6:	fc 01       	movw	r30, r24
    1df8:	81 81       	ldd	r24, Z+1	; 0x01
    1dfa:	41 e0       	ldi	r20, 0x01	; 1
    1dfc:	62 2f       	mov	r22, r18
    1dfe:	0e 94 fe 03 	call	0x7fc	; 0x7fc <DIO_WriteForPin>
        else
        {

        }
    }
}
    1e02:	00 00       	nop
    1e04:	0f 90       	pop	r0
    1e06:	0f 90       	pop	r0
    1e08:	df 91       	pop	r29
    1e0a:	cf 91       	pop	r28
    1e0c:	08 95       	ret

00001e0e <DC_Off>:
void DC_Off(Dc_config_t *Config)
{
    1e0e:	cf 93       	push	r28
    1e10:	df 93       	push	r29
    1e12:	00 d0       	rcall	.+0      	; 0x1e14 <DC_Off+0x6>
    1e14:	cd b7       	in	r28, 0x3d	; 61
    1e16:	de b7       	in	r29, 0x3e	; 62
    1e18:	9a 83       	std	Y+2, r25	; 0x02
    1e1a:	89 83       	std	Y+1, r24	; 0x01
    if(Config!=NULL)
    1e1c:	89 81       	ldd	r24, Y+1	; 0x01
    1e1e:	9a 81       	ldd	r25, Y+2	; 0x02
    1e20:	89 2b       	or	r24, r25
    1e22:	89 f1       	breq	.+98     	; 0x1e86 <DC_Off+0x78>
    {
        if(Config->ConnectionType==Dc_WithoutHBridge)
    1e24:	89 81       	ldd	r24, Y+1	; 0x01
    1e26:	9a 81       	ldd	r25, Y+2	; 0x02
    1e28:	fc 01       	movw	r30, r24
    1e2a:	80 81       	ld	r24, Z
    1e2c:	88 23       	and	r24, r24
    1e2e:	69 f4       	brne	.+26     	; 0x1e4a <DC_Off+0x3c>
        {
            DIO_WriteForPin(Config->Dc_M1Group,Config->Dc_M1Pin,DIO_Low);
    1e30:	89 81       	ldd	r24, Y+1	; 0x01
    1e32:	9a 81       	ldd	r25, Y+2	; 0x02
    1e34:	fc 01       	movw	r30, r24
    1e36:	22 81       	ldd	r18, Z+2	; 0x02
    1e38:	89 81       	ldd	r24, Y+1	; 0x01
    1e3a:	9a 81       	ldd	r25, Y+2	; 0x02
    1e3c:	fc 01       	movw	r30, r24
    1e3e:	81 81       	ldd	r24, Z+1	; 0x01
    1e40:	40 e0       	ldi	r20, 0x00	; 0
    1e42:	62 2f       	mov	r22, r18
    1e44:	0e 94 fe 03 	call	0x7fc	; 0x7fc <DIO_WriteForPin>
        else
        {

        }
    }
}
    1e48:	1e c0       	rjmp	.+60     	; 0x1e86 <DC_Off+0x78>
    {
        if(Config->ConnectionType==Dc_WithoutHBridge)
        {
            DIO_WriteForPin(Config->Dc_M1Group,Config->Dc_M1Pin,DIO_Low);
        }
        else if (Config->ConnectionType == Dc_WithHBridge)
    1e4a:	89 81       	ldd	r24, Y+1	; 0x01
    1e4c:	9a 81       	ldd	r25, Y+2	; 0x02
    1e4e:	fc 01       	movw	r30, r24
    1e50:	80 81       	ld	r24, Z
    1e52:	81 30       	cpi	r24, 0x01	; 1
    1e54:	c1 f4       	brne	.+48     	; 0x1e86 <DC_Off+0x78>
        {
            DIO_WriteForPin(Config->Dc_M1Group,Config->Dc_M1Pin,DIO_Low);
    1e56:	89 81       	ldd	r24, Y+1	; 0x01
    1e58:	9a 81       	ldd	r25, Y+2	; 0x02
    1e5a:	fc 01       	movw	r30, r24
    1e5c:	22 81       	ldd	r18, Z+2	; 0x02
    1e5e:	89 81       	ldd	r24, Y+1	; 0x01
    1e60:	9a 81       	ldd	r25, Y+2	; 0x02
    1e62:	fc 01       	movw	r30, r24
    1e64:	81 81       	ldd	r24, Z+1	; 0x01
    1e66:	40 e0       	ldi	r20, 0x00	; 0
    1e68:	62 2f       	mov	r22, r18
    1e6a:	0e 94 fe 03 	call	0x7fc	; 0x7fc <DIO_WriteForPin>
            DIO_WriteForPin(Config->Dc_M2Group,Config->Dc_M2Pin,DIO_Low);
    1e6e:	89 81       	ldd	r24, Y+1	; 0x01
    1e70:	9a 81       	ldd	r25, Y+2	; 0x02
    1e72:	fc 01       	movw	r30, r24
    1e74:	24 81       	ldd	r18, Z+4	; 0x04
    1e76:	89 81       	ldd	r24, Y+1	; 0x01
    1e78:	9a 81       	ldd	r25, Y+2	; 0x02
    1e7a:	fc 01       	movw	r30, r24
    1e7c:	83 81       	ldd	r24, Z+3	; 0x03
    1e7e:	40 e0       	ldi	r20, 0x00	; 0
    1e80:	62 2f       	mov	r22, r18
    1e82:	0e 94 fe 03 	call	0x7fc	; 0x7fc <DIO_WriteForPin>
        else
        {

        }
    }
}
    1e86:	00 00       	nop
    1e88:	0f 90       	pop	r0
    1e8a:	0f 90       	pop	r0
    1e8c:	df 91       	pop	r29
    1e8e:	cf 91       	pop	r28
    1e90:	08 95       	ret

00001e92 <DC_OnCW>:
/*API for On Off&Direction Control */
void DC_OnCW(Dc_config_t *Config)
{
    1e92:	cf 93       	push	r28
    1e94:	df 93       	push	r29
    1e96:	00 d0       	rcall	.+0      	; 0x1e98 <DC_OnCW+0x6>
    1e98:	cd b7       	in	r28, 0x3d	; 61
    1e9a:	de b7       	in	r29, 0x3e	; 62
    1e9c:	9a 83       	std	Y+2, r25	; 0x02
    1e9e:	89 83       	std	Y+1, r24	; 0x01
    if(Config!=NULL)
    1ea0:	89 81       	ldd	r24, Y+1	; 0x01
    1ea2:	9a 81       	ldd	r25, Y+2	; 0x02
    1ea4:	89 2b       	or	r24, r25
    1ea6:	f1 f0       	breq	.+60     	; 0x1ee4 <DC_OnCW+0x52>
    {
        if(Config->ConnectionType==Dc_WithHBridge)
    1ea8:	89 81       	ldd	r24, Y+1	; 0x01
    1eaa:	9a 81       	ldd	r25, Y+2	; 0x02
    1eac:	fc 01       	movw	r30, r24
    1eae:	80 81       	ld	r24, Z
    1eb0:	81 30       	cpi	r24, 0x01	; 1
    1eb2:	c1 f4       	brne	.+48     	; 0x1ee4 <DC_OnCW+0x52>
        {
            DIO_WriteForPin(Config->Dc_M1Group,Config->Dc_M1Pin,DIO_High);
    1eb4:	89 81       	ldd	r24, Y+1	; 0x01
    1eb6:	9a 81       	ldd	r25, Y+2	; 0x02
    1eb8:	fc 01       	movw	r30, r24
    1eba:	22 81       	ldd	r18, Z+2	; 0x02
    1ebc:	89 81       	ldd	r24, Y+1	; 0x01
    1ebe:	9a 81       	ldd	r25, Y+2	; 0x02
    1ec0:	fc 01       	movw	r30, r24
    1ec2:	81 81       	ldd	r24, Z+1	; 0x01
    1ec4:	41 e0       	ldi	r20, 0x01	; 1
    1ec6:	62 2f       	mov	r22, r18
    1ec8:	0e 94 fe 03 	call	0x7fc	; 0x7fc <DIO_WriteForPin>
            DIO_WriteForPin(Config->Dc_M2Group,Config->Dc_M2Pin,DIO_Low);
    1ecc:	89 81       	ldd	r24, Y+1	; 0x01
    1ece:	9a 81       	ldd	r25, Y+2	; 0x02
    1ed0:	fc 01       	movw	r30, r24
    1ed2:	24 81       	ldd	r18, Z+4	; 0x04
    1ed4:	89 81       	ldd	r24, Y+1	; 0x01
    1ed6:	9a 81       	ldd	r25, Y+2	; 0x02
    1ed8:	fc 01       	movw	r30, r24
    1eda:	83 81       	ldd	r24, Z+3	; 0x03
    1edc:	40 e0       	ldi	r20, 0x00	; 0
    1ede:	62 2f       	mov	r22, r18
    1ee0:	0e 94 fe 03 	call	0x7fc	; 0x7fc <DIO_WriteForPin>
        else
        {

        }
    }
}
    1ee4:	00 00       	nop
    1ee6:	0f 90       	pop	r0
    1ee8:	0f 90       	pop	r0
    1eea:	df 91       	pop	r29
    1eec:	cf 91       	pop	r28
    1eee:	08 95       	ret

00001ef0 <DC_OnCCW>:
void DC_OnCCW(Dc_config_t *Config)
{
    1ef0:	cf 93       	push	r28
    1ef2:	df 93       	push	r29
    1ef4:	00 d0       	rcall	.+0      	; 0x1ef6 <DC_OnCCW+0x6>
    1ef6:	cd b7       	in	r28, 0x3d	; 61
    1ef8:	de b7       	in	r29, 0x3e	; 62
    1efa:	9a 83       	std	Y+2, r25	; 0x02
    1efc:	89 83       	std	Y+1, r24	; 0x01
    if(Config!=NULL)
    1efe:	89 81       	ldd	r24, Y+1	; 0x01
    1f00:	9a 81       	ldd	r25, Y+2	; 0x02
    1f02:	89 2b       	or	r24, r25
    1f04:	f1 f0       	breq	.+60     	; 0x1f42 <DC_OnCCW+0x52>
    {
        if(Config->ConnectionType==Dc_WithHBridge)
    1f06:	89 81       	ldd	r24, Y+1	; 0x01
    1f08:	9a 81       	ldd	r25, Y+2	; 0x02
    1f0a:	fc 01       	movw	r30, r24
    1f0c:	80 81       	ld	r24, Z
    1f0e:	81 30       	cpi	r24, 0x01	; 1
    1f10:	c1 f4       	brne	.+48     	; 0x1f42 <DC_OnCCW+0x52>
        {
            DIO_WriteForPin(Config->Dc_M1Group,Config->Dc_M1Pin,DIO_Low);
    1f12:	89 81       	ldd	r24, Y+1	; 0x01
    1f14:	9a 81       	ldd	r25, Y+2	; 0x02
    1f16:	fc 01       	movw	r30, r24
    1f18:	22 81       	ldd	r18, Z+2	; 0x02
    1f1a:	89 81       	ldd	r24, Y+1	; 0x01
    1f1c:	9a 81       	ldd	r25, Y+2	; 0x02
    1f1e:	fc 01       	movw	r30, r24
    1f20:	81 81       	ldd	r24, Z+1	; 0x01
    1f22:	40 e0       	ldi	r20, 0x00	; 0
    1f24:	62 2f       	mov	r22, r18
    1f26:	0e 94 fe 03 	call	0x7fc	; 0x7fc <DIO_WriteForPin>
            DIO_WriteForPin(Config->Dc_M2Group,Config->Dc_M2Pin,DIO_High);
    1f2a:	89 81       	ldd	r24, Y+1	; 0x01
    1f2c:	9a 81       	ldd	r25, Y+2	; 0x02
    1f2e:	fc 01       	movw	r30, r24
    1f30:	24 81       	ldd	r18, Z+4	; 0x04
    1f32:	89 81       	ldd	r24, Y+1	; 0x01
    1f34:	9a 81       	ldd	r25, Y+2	; 0x02
    1f36:	fc 01       	movw	r30, r24
    1f38:	83 81       	ldd	r24, Z+3	; 0x03
    1f3a:	41 e0       	ldi	r20, 0x01	; 1
    1f3c:	62 2f       	mov	r22, r18
    1f3e:	0e 94 fe 03 	call	0x7fc	; 0x7fc <DIO_WriteForPin>
        else
        {

        }
    }
    1f42:	00 00       	nop
    1f44:	0f 90       	pop	r0
    1f46:	0f 90       	pop	r0
    1f48:	df 91       	pop	r29
    1f4a:	cf 91       	pop	r28
    1f4c:	08 95       	ret

00001f4e <App_TickUpdate>:
 * No Of OVF Count = 100 000 / 2048 =48.828125 
 * preload = 256*(1-0.828125) = 44 
 */
static volatile uint32_t SystemTick = 0 ; 
void App_TickUpdate()
{
    1f4e:	cf 93       	push	r28
    1f50:	df 93       	push	r29
    1f52:	cd b7       	in	r28, 0x3d	; 61
    1f54:	de b7       	in	r29, 0x3e	; 62
    SystemTick++;
    1f56:	80 91 89 00 	lds	r24, 0x0089	; 0x800089 <SystemTick>
    1f5a:	90 91 8a 00 	lds	r25, 0x008A	; 0x80008a <SystemTick+0x1>
    1f5e:	a0 91 8b 00 	lds	r26, 0x008B	; 0x80008b <SystemTick+0x2>
    1f62:	b0 91 8c 00 	lds	r27, 0x008C	; 0x80008c <SystemTick+0x3>
    1f66:	01 96       	adiw	r24, 0x01	; 1
    1f68:	a1 1d       	adc	r26, r1
    1f6a:	b1 1d       	adc	r27, r1
    1f6c:	80 93 89 00 	sts	0x0089, r24	; 0x800089 <SystemTick>
    1f70:	90 93 8a 00 	sts	0x008A, r25	; 0x80008a <SystemTick+0x1>
    1f74:	a0 93 8b 00 	sts	0x008B, r26	; 0x80008b <SystemTick+0x2>
    1f78:	b0 93 8c 00 	sts	0x008C, r27	; 0x80008c <SystemTick+0x3>
}
    1f7c:	00 00       	nop
    1f7e:	df 91       	pop	r29
    1f80:	cf 91       	pop	r28
    1f82:	08 95       	ret

00001f84 <main>:
 void main ()
{
    1f84:	ef 92       	push	r14
    1f86:	ff 92       	push	r15
    1f88:	0f 93       	push	r16
    1f8a:	1f 93       	push	r17
    1f8c:	cf 93       	push	r28
    1f8e:	df 93       	push	r29
    1f90:	cd b7       	in	r28, 0x3d	; 61
    1f92:	de b7       	in	r29, 0x3e	; 62
    1f94:	28 97       	sbiw	r28, 0x08	; 8
    1f96:	0f b6       	in	r0, 0x3f	; 63
    1f98:	f8 94       	cli
    1f9a:	de bf       	out	0x3e, r29	; 62
    1f9c:	0f be       	out	0x3f, r0	; 63
    1f9e:	cd bf       	out	0x3d, r28	; 61
    //Buzzer 300msec
    Led_Init(DIO_GroupA,DIO_Pin0);
    1fa0:	60 e0       	ldi	r22, 0x00	; 0
    1fa2:	81 e0       	ldi	r24, 0x01	; 1
    1fa4:	0e 94 c9 07 	call	0xf92	; 0xf92 <Led_Init>
    //Led 2000msec 
    Led_Init(DIO_GroupA,DIO_Pin1);
    1fa8:	61 e0       	ldi	r22, 0x01	; 1
    1faa:	81 e0       	ldi	r24, 0x01	; 1
    1fac:	0e 94 c9 07 	call	0xf92	; 0xf92 <Led_Init>
    T0_NormalCallBack(App_TickUpdate);
    1fb0:	87 ea       	ldi	r24, 0xA7	; 167
    1fb2:	9f e0       	ldi	r25, 0x0F	; 15
    1fb4:	0e 94 7b 00 	call	0xf6	; 0xf6 <T0_NormalCallBack>
    T0_NormalInit();
    1fb8:	0e 94 49 00 	call	0x92	; 0x92 <T0_NormalInit>
    GIE_Enable();
    1fbc:	0e 94 f6 00 	call	0x1ec	; 0x1ec <GIE_Enable>
    uint32_t LastTimeofBuzzer = 0; 
    1fc0:	19 82       	std	Y+1, r1	; 0x01
    1fc2:	1a 82       	std	Y+2, r1	; 0x02
    1fc4:	1b 82       	std	Y+3, r1	; 0x03
    1fc6:	1c 82       	std	Y+4, r1	; 0x04
    uint32_t LastTimeofLed = 0; 
    1fc8:	1d 82       	std	Y+5, r1	; 0x05
    1fca:	1e 82       	std	Y+6, r1	; 0x06
    1fcc:	1f 82       	std	Y+7, r1	; 0x07
    1fce:	18 86       	std	Y+8, r1	; 0x08

    while(1)
    {
        if((SystemTick - LastTimeofBuzzer) >=3 )
    1fd0:	20 91 89 00 	lds	r18, 0x0089	; 0x800089 <SystemTick>
    1fd4:	30 91 8a 00 	lds	r19, 0x008A	; 0x80008a <SystemTick+0x1>
    1fd8:	40 91 8b 00 	lds	r20, 0x008B	; 0x80008b <SystemTick+0x2>
    1fdc:	50 91 8c 00 	lds	r21, 0x008C	; 0x80008c <SystemTick+0x3>
    1fe0:	89 81       	ldd	r24, Y+1	; 0x01
    1fe2:	9a 81       	ldd	r25, Y+2	; 0x02
    1fe4:	ab 81       	ldd	r26, Y+3	; 0x03
    1fe6:	bc 81       	ldd	r27, Y+4	; 0x04
    1fe8:	79 01       	movw	r14, r18
    1fea:	8a 01       	movw	r16, r20
    1fec:	e8 1a       	sub	r14, r24
    1fee:	f9 0a       	sbc	r15, r25
    1ff0:	0a 0b       	sbc	r16, r26
    1ff2:	1b 0b       	sbc	r17, r27
    1ff4:	d8 01       	movw	r26, r16
    1ff6:	c7 01       	movw	r24, r14
    1ff8:	03 97       	sbiw	r24, 0x03	; 3
    1ffa:	a1 05       	cpc	r26, r1
    1ffc:	b1 05       	cpc	r27, r1
    1ffe:	80 f0       	brcs	.+32     	; 0x2020 <main+0x9c>
        {
            Led_Toggle(DIO_GroupA,DIO_Pin0);
    2000:	60 e0       	ldi	r22, 0x00	; 0
    2002:	81 e0       	ldi	r24, 0x01	; 1
    2004:	0e 94 27 08 	call	0x104e	; 0x104e <Led_Toggle>
            LastTimeofBuzzer = SystemTick;
    2008:	80 91 89 00 	lds	r24, 0x0089	; 0x800089 <SystemTick>
    200c:	90 91 8a 00 	lds	r25, 0x008A	; 0x80008a <SystemTick+0x1>
    2010:	a0 91 8b 00 	lds	r26, 0x008B	; 0x80008b <SystemTick+0x2>
    2014:	b0 91 8c 00 	lds	r27, 0x008C	; 0x80008c <SystemTick+0x3>
    2018:	89 83       	std	Y+1, r24	; 0x01
    201a:	9a 83       	std	Y+2, r25	; 0x02
    201c:	ab 83       	std	Y+3, r26	; 0x03
    201e:	bc 83       	std	Y+4, r27	; 0x04
        }
        if((SystemTick - LastTimeofLed) >= 20 )
    2020:	20 91 89 00 	lds	r18, 0x0089	; 0x800089 <SystemTick>
    2024:	30 91 8a 00 	lds	r19, 0x008A	; 0x80008a <SystemTick+0x1>
    2028:	40 91 8b 00 	lds	r20, 0x008B	; 0x80008b <SystemTick+0x2>
    202c:	50 91 8c 00 	lds	r21, 0x008C	; 0x80008c <SystemTick+0x3>
    2030:	8d 81       	ldd	r24, Y+5	; 0x05
    2032:	9e 81       	ldd	r25, Y+6	; 0x06
    2034:	af 81       	ldd	r26, Y+7	; 0x07
    2036:	b8 85       	ldd	r27, Y+8	; 0x08
    2038:	79 01       	movw	r14, r18
    203a:	8a 01       	movw	r16, r20
    203c:	e8 1a       	sub	r14, r24
    203e:	f9 0a       	sbc	r15, r25
    2040:	0a 0b       	sbc	r16, r26
    2042:	1b 0b       	sbc	r17, r27
    2044:	d8 01       	movw	r26, r16
    2046:	c7 01       	movw	r24, r14
    2048:	44 97       	sbiw	r24, 0x14	; 20
    204a:	a1 05       	cpc	r26, r1
    204c:	b1 05       	cpc	r27, r1
    204e:	08 f4       	brcc	.+2      	; 0x2052 <main+0xce>
    2050:	bf cf       	rjmp	.-130    	; 0x1fd0 <main+0x4c>
        {
            Led_Toggle(DIO_GroupA,DIO_Pin1);
    2052:	61 e0       	ldi	r22, 0x01	; 1
    2054:	81 e0       	ldi	r24, 0x01	; 1
    2056:	0e 94 27 08 	call	0x104e	; 0x104e <Led_Toggle>
            LastTimeofLed = SystemTick;
    205a:	80 91 89 00 	lds	r24, 0x0089	; 0x800089 <SystemTick>
    205e:	90 91 8a 00 	lds	r25, 0x008A	; 0x80008a <SystemTick+0x1>
    2062:	a0 91 8b 00 	lds	r26, 0x008B	; 0x80008b <SystemTick+0x2>
    2066:	b0 91 8c 00 	lds	r27, 0x008C	; 0x80008c <SystemTick+0x3>
    206a:	8d 83       	std	Y+5, r24	; 0x05
    206c:	9e 83       	std	Y+6, r25	; 0x06
    206e:	af 83       	std	Y+7, r26	; 0x07
    2070:	b8 87       	std	Y+8, r27	; 0x08
    uint32_t LastTimeofBuzzer = 0; 
    uint32_t LastTimeofLed = 0; 

    while(1)
    {
        if((SystemTick - LastTimeofBuzzer) >=3 )
    2072:	ae cf       	rjmp	.-164    	; 0x1fd0 <main+0x4c>

00002074 <ButtonLedAPP>:

}


void ButtonLedAPP(void)
{
    2074:	cf 93       	push	r28
    2076:	df 93       	push	r29
    2078:	cd b7       	in	r28, 0x3d	; 61
    207a:	de b7       	in	r29, 0x3e	; 62
    Led_Toggle(DIO_GroupA,DIO_Pin4);
    207c:	64 e0       	ldi	r22, 0x04	; 4
    207e:	81 e0       	ldi	r24, 0x01	; 1
    2080:	0e 94 27 08 	call	0x104e	; 0x104e <Led_Toggle>
}
    2084:	00 00       	nop
    2086:	df 91       	pop	r29
    2088:	cf 91       	pop	r28
    208a:	08 95       	ret

0000208c <__divmodsi4>:
    208c:	05 2e       	mov	r0, r21
    208e:	97 fb       	bst	r25, 7
    2090:	1e f4       	brtc	.+6      	; 0x2098 <__divmodsi4+0xc>
    2092:	00 94       	com	r0
    2094:	0e 94 5d 10 	call	0x20ba	; 0x20ba <__negsi2>
    2098:	57 fd       	sbrc	r21, 7
    209a:	07 d0       	rcall	.+14     	; 0x20aa <__divmodsi4_neg2>
    209c:	0e 94 65 10 	call	0x20ca	; 0x20ca <__udivmodsi4>
    20a0:	07 fc       	sbrc	r0, 7
    20a2:	03 d0       	rcall	.+6      	; 0x20aa <__divmodsi4_neg2>
    20a4:	4e f4       	brtc	.+18     	; 0x20b8 <__divmodsi4_exit>
    20a6:	0c 94 5d 10 	jmp	0x20ba	; 0x20ba <__negsi2>

000020aa <__divmodsi4_neg2>:
    20aa:	50 95       	com	r21
    20ac:	40 95       	com	r20
    20ae:	30 95       	com	r19
    20b0:	21 95       	neg	r18
    20b2:	3f 4f       	sbci	r19, 0xFF	; 255
    20b4:	4f 4f       	sbci	r20, 0xFF	; 255
    20b6:	5f 4f       	sbci	r21, 0xFF	; 255

000020b8 <__divmodsi4_exit>:
    20b8:	08 95       	ret

000020ba <__negsi2>:
    20ba:	90 95       	com	r25
    20bc:	80 95       	com	r24
    20be:	70 95       	com	r23
    20c0:	61 95       	neg	r22
    20c2:	7f 4f       	sbci	r23, 0xFF	; 255
    20c4:	8f 4f       	sbci	r24, 0xFF	; 255
    20c6:	9f 4f       	sbci	r25, 0xFF	; 255
    20c8:	08 95       	ret

000020ca <__udivmodsi4>:
    20ca:	a1 e2       	ldi	r26, 0x21	; 33
    20cc:	1a 2e       	mov	r1, r26
    20ce:	aa 1b       	sub	r26, r26
    20d0:	bb 1b       	sub	r27, r27
    20d2:	fd 01       	movw	r30, r26
    20d4:	0d c0       	rjmp	.+26     	; 0x20f0 <__udivmodsi4_ep>

000020d6 <__udivmodsi4_loop>:
    20d6:	aa 1f       	adc	r26, r26
    20d8:	bb 1f       	adc	r27, r27
    20da:	ee 1f       	adc	r30, r30
    20dc:	ff 1f       	adc	r31, r31
    20de:	a2 17       	cp	r26, r18
    20e0:	b3 07       	cpc	r27, r19
    20e2:	e4 07       	cpc	r30, r20
    20e4:	f5 07       	cpc	r31, r21
    20e6:	20 f0       	brcs	.+8      	; 0x20f0 <__udivmodsi4_ep>
    20e8:	a2 1b       	sub	r26, r18
    20ea:	b3 0b       	sbc	r27, r19
    20ec:	e4 0b       	sbc	r30, r20
    20ee:	f5 0b       	sbc	r31, r21

000020f0 <__udivmodsi4_ep>:
    20f0:	66 1f       	adc	r22, r22
    20f2:	77 1f       	adc	r23, r23
    20f4:	88 1f       	adc	r24, r24
    20f6:	99 1f       	adc	r25, r25
    20f8:	1a 94       	dec	r1
    20fa:	69 f7       	brne	.-38     	; 0x20d6 <__udivmodsi4_loop>
    20fc:	60 95       	com	r22
    20fe:	70 95       	com	r23
    2100:	80 95       	com	r24
    2102:	90 95       	com	r25
    2104:	9b 01       	movw	r18, r22
    2106:	ac 01       	movw	r20, r24
    2108:	bd 01       	movw	r22, r26
    210a:	cf 01       	movw	r24, r30
    210c:	08 95       	ret

0000210e <__cmpsf2>:
    210e:	0e 94 bb 10 	call	0x2176	; 0x2176 <__fp_cmp>
    2112:	08 f4       	brcc	.+2      	; 0x2116 <__cmpsf2+0x8>
    2114:	81 e0       	ldi	r24, 0x01	; 1
    2116:	08 95       	ret

00002118 <__fixunssfsi>:
    2118:	0e 94 e7 10 	call	0x21ce	; 0x21ce <__fp_splitA>
    211c:	88 f0       	brcs	.+34     	; 0x2140 <__fixunssfsi+0x28>
    211e:	9f 57       	subi	r25, 0x7F	; 127
    2120:	98 f0       	brcs	.+38     	; 0x2148 <__fixunssfsi+0x30>
    2122:	b9 2f       	mov	r27, r25
    2124:	99 27       	eor	r25, r25
    2126:	b7 51       	subi	r27, 0x17	; 23
    2128:	b0 f0       	brcs	.+44     	; 0x2156 <__fixunssfsi+0x3e>
    212a:	e1 f0       	breq	.+56     	; 0x2164 <__fixunssfsi+0x4c>
    212c:	66 0f       	add	r22, r22
    212e:	77 1f       	adc	r23, r23
    2130:	88 1f       	adc	r24, r24
    2132:	99 1f       	adc	r25, r25
    2134:	1a f0       	brmi	.+6      	; 0x213c <__fixunssfsi+0x24>
    2136:	ba 95       	dec	r27
    2138:	c9 f7       	brne	.-14     	; 0x212c <__fixunssfsi+0x14>
    213a:	14 c0       	rjmp	.+40     	; 0x2164 <__fixunssfsi+0x4c>
    213c:	b1 30       	cpi	r27, 0x01	; 1
    213e:	91 f0       	breq	.+36     	; 0x2164 <__fixunssfsi+0x4c>
    2140:	0e 94 01 11 	call	0x2202	; 0x2202 <__fp_zero>
    2144:	b1 e0       	ldi	r27, 0x01	; 1
    2146:	08 95       	ret
    2148:	0c 94 01 11 	jmp	0x2202	; 0x2202 <__fp_zero>
    214c:	67 2f       	mov	r22, r23
    214e:	78 2f       	mov	r23, r24
    2150:	88 27       	eor	r24, r24
    2152:	b8 5f       	subi	r27, 0xF8	; 248
    2154:	39 f0       	breq	.+14     	; 0x2164 <__fixunssfsi+0x4c>
    2156:	b9 3f       	cpi	r27, 0xF9	; 249
    2158:	cc f3       	brlt	.-14     	; 0x214c <__fixunssfsi+0x34>
    215a:	86 95       	lsr	r24
    215c:	77 95       	ror	r23
    215e:	67 95       	ror	r22
    2160:	b3 95       	inc	r27
    2162:	d9 f7       	brne	.-10     	; 0x215a <__fixunssfsi+0x42>
    2164:	3e f4       	brtc	.+14     	; 0x2174 <__fixunssfsi+0x5c>
    2166:	90 95       	com	r25
    2168:	80 95       	com	r24
    216a:	70 95       	com	r23
    216c:	61 95       	neg	r22
    216e:	7f 4f       	sbci	r23, 0xFF	; 255
    2170:	8f 4f       	sbci	r24, 0xFF	; 255
    2172:	9f 4f       	sbci	r25, 0xFF	; 255
    2174:	08 95       	ret

00002176 <__fp_cmp>:
    2176:	99 0f       	add	r25, r25
    2178:	00 08       	sbc	r0, r0
    217a:	55 0f       	add	r21, r21
    217c:	aa 0b       	sbc	r26, r26
    217e:	e0 e8       	ldi	r30, 0x80	; 128
    2180:	fe ef       	ldi	r31, 0xFE	; 254
    2182:	16 16       	cp	r1, r22
    2184:	17 06       	cpc	r1, r23
    2186:	e8 07       	cpc	r30, r24
    2188:	f9 07       	cpc	r31, r25
    218a:	c0 f0       	brcs	.+48     	; 0x21bc <__fp_cmp+0x46>
    218c:	12 16       	cp	r1, r18
    218e:	13 06       	cpc	r1, r19
    2190:	e4 07       	cpc	r30, r20
    2192:	f5 07       	cpc	r31, r21
    2194:	98 f0       	brcs	.+38     	; 0x21bc <__fp_cmp+0x46>
    2196:	62 1b       	sub	r22, r18
    2198:	73 0b       	sbc	r23, r19
    219a:	84 0b       	sbc	r24, r20
    219c:	95 0b       	sbc	r25, r21
    219e:	39 f4       	brne	.+14     	; 0x21ae <__fp_cmp+0x38>
    21a0:	0a 26       	eor	r0, r26
    21a2:	61 f0       	breq	.+24     	; 0x21bc <__fp_cmp+0x46>
    21a4:	23 2b       	or	r18, r19
    21a6:	24 2b       	or	r18, r20
    21a8:	25 2b       	or	r18, r21
    21aa:	21 f4       	brne	.+8      	; 0x21b4 <__fp_cmp+0x3e>
    21ac:	08 95       	ret
    21ae:	0a 26       	eor	r0, r26
    21b0:	09 f4       	brne	.+2      	; 0x21b4 <__fp_cmp+0x3e>
    21b2:	a1 40       	sbci	r26, 0x01	; 1
    21b4:	a6 95       	lsr	r26
    21b6:	8f ef       	ldi	r24, 0xFF	; 255
    21b8:	81 1d       	adc	r24, r1
    21ba:	81 1d       	adc	r24, r1
    21bc:	08 95       	ret

000021be <__fp_split3>:
    21be:	57 fd       	sbrc	r21, 7
    21c0:	90 58       	subi	r25, 0x80	; 128
    21c2:	44 0f       	add	r20, r20
    21c4:	55 1f       	adc	r21, r21
    21c6:	59 f0       	breq	.+22     	; 0x21de <__fp_splitA+0x10>
    21c8:	5f 3f       	cpi	r21, 0xFF	; 255
    21ca:	71 f0       	breq	.+28     	; 0x21e8 <__fp_splitA+0x1a>
    21cc:	47 95       	ror	r20

000021ce <__fp_splitA>:
    21ce:	88 0f       	add	r24, r24
    21d0:	97 fb       	bst	r25, 7
    21d2:	99 1f       	adc	r25, r25
    21d4:	61 f0       	breq	.+24     	; 0x21ee <__fp_splitA+0x20>
    21d6:	9f 3f       	cpi	r25, 0xFF	; 255
    21d8:	79 f0       	breq	.+30     	; 0x21f8 <__fp_splitA+0x2a>
    21da:	87 95       	ror	r24
    21dc:	08 95       	ret
    21de:	12 16       	cp	r1, r18
    21e0:	13 06       	cpc	r1, r19
    21e2:	14 06       	cpc	r1, r20
    21e4:	55 1f       	adc	r21, r21
    21e6:	f2 cf       	rjmp	.-28     	; 0x21cc <__fp_split3+0xe>
    21e8:	46 95       	lsr	r20
    21ea:	f1 df       	rcall	.-30     	; 0x21ce <__fp_splitA>
    21ec:	08 c0       	rjmp	.+16     	; 0x21fe <__fp_splitA+0x30>
    21ee:	16 16       	cp	r1, r22
    21f0:	17 06       	cpc	r1, r23
    21f2:	18 06       	cpc	r1, r24
    21f4:	99 1f       	adc	r25, r25
    21f6:	f1 cf       	rjmp	.-30     	; 0x21da <__fp_splitA+0xc>
    21f8:	86 95       	lsr	r24
    21fa:	71 05       	cpc	r23, r1
    21fc:	61 05       	cpc	r22, r1
    21fe:	08 94       	sec
    2200:	08 95       	ret

00002202 <__fp_zero>:
    2202:	e8 94       	clt

00002204 <__fp_szero>:
    2204:	bb 27       	eor	r27, r27
    2206:	66 27       	eor	r22, r22
    2208:	77 27       	eor	r23, r23
    220a:	cb 01       	movw	r24, r22
    220c:	97 f9       	bld	r25, 7
    220e:	08 95       	ret

00002210 <__gesf2>:
    2210:	0e 94 bb 10 	call	0x2176	; 0x2176 <__fp_cmp>
    2214:	08 f4       	brcc	.+2      	; 0x2218 <__gesf2+0x8>
    2216:	8f ef       	ldi	r24, 0xFF	; 255
    2218:	08 95       	ret

0000221a <__mulsf3>:
    221a:	0e 94 20 11 	call	0x2240	; 0x2240 <__mulsf3x>
    221e:	0c 94 91 11 	jmp	0x2322	; 0x2322 <__fp_round>
    2222:	0e 94 83 11 	call	0x2306	; 0x2306 <__fp_pscA>
    2226:	38 f0       	brcs	.+14     	; 0x2236 <__mulsf3+0x1c>
    2228:	0e 94 8a 11 	call	0x2314	; 0x2314 <__fp_pscB>
    222c:	20 f0       	brcs	.+8      	; 0x2236 <__mulsf3+0x1c>
    222e:	95 23       	and	r25, r21
    2230:	11 f0       	breq	.+4      	; 0x2236 <__mulsf3+0x1c>
    2232:	0c 94 7a 11 	jmp	0x22f4	; 0x22f4 <__fp_inf>
    2236:	0c 94 80 11 	jmp	0x2300	; 0x2300 <__fp_nan>
    223a:	11 24       	eor	r1, r1
    223c:	0c 94 02 11 	jmp	0x2204	; 0x2204 <__fp_szero>

00002240 <__mulsf3x>:
    2240:	0e 94 df 10 	call	0x21be	; 0x21be <__fp_split3>
    2244:	70 f3       	brcs	.-36     	; 0x2222 <__mulsf3+0x8>

00002246 <__mulsf3_pse>:
    2246:	95 9f       	mul	r25, r21
    2248:	c1 f3       	breq	.-16     	; 0x223a <__mulsf3+0x20>
    224a:	95 0f       	add	r25, r21
    224c:	50 e0       	ldi	r21, 0x00	; 0
    224e:	55 1f       	adc	r21, r21
    2250:	62 9f       	mul	r22, r18
    2252:	f0 01       	movw	r30, r0
    2254:	72 9f       	mul	r23, r18
    2256:	bb 27       	eor	r27, r27
    2258:	f0 0d       	add	r31, r0
    225a:	b1 1d       	adc	r27, r1
    225c:	63 9f       	mul	r22, r19
    225e:	aa 27       	eor	r26, r26
    2260:	f0 0d       	add	r31, r0
    2262:	b1 1d       	adc	r27, r1
    2264:	aa 1f       	adc	r26, r26
    2266:	64 9f       	mul	r22, r20
    2268:	66 27       	eor	r22, r22
    226a:	b0 0d       	add	r27, r0
    226c:	a1 1d       	adc	r26, r1
    226e:	66 1f       	adc	r22, r22
    2270:	82 9f       	mul	r24, r18
    2272:	22 27       	eor	r18, r18
    2274:	b0 0d       	add	r27, r0
    2276:	a1 1d       	adc	r26, r1
    2278:	62 1f       	adc	r22, r18
    227a:	73 9f       	mul	r23, r19
    227c:	b0 0d       	add	r27, r0
    227e:	a1 1d       	adc	r26, r1
    2280:	62 1f       	adc	r22, r18
    2282:	83 9f       	mul	r24, r19
    2284:	a0 0d       	add	r26, r0
    2286:	61 1d       	adc	r22, r1
    2288:	22 1f       	adc	r18, r18
    228a:	74 9f       	mul	r23, r20
    228c:	33 27       	eor	r19, r19
    228e:	a0 0d       	add	r26, r0
    2290:	61 1d       	adc	r22, r1
    2292:	23 1f       	adc	r18, r19
    2294:	84 9f       	mul	r24, r20
    2296:	60 0d       	add	r22, r0
    2298:	21 1d       	adc	r18, r1
    229a:	82 2f       	mov	r24, r18
    229c:	76 2f       	mov	r23, r22
    229e:	6a 2f       	mov	r22, r26
    22a0:	11 24       	eor	r1, r1
    22a2:	9f 57       	subi	r25, 0x7F	; 127
    22a4:	50 40       	sbci	r21, 0x00	; 0
    22a6:	9a f0       	brmi	.+38     	; 0x22ce <__mulsf3_pse+0x88>
    22a8:	f1 f0       	breq	.+60     	; 0x22e6 <__mulsf3_pse+0xa0>
    22aa:	88 23       	and	r24, r24
    22ac:	4a f0       	brmi	.+18     	; 0x22c0 <__mulsf3_pse+0x7a>
    22ae:	ee 0f       	add	r30, r30
    22b0:	ff 1f       	adc	r31, r31
    22b2:	bb 1f       	adc	r27, r27
    22b4:	66 1f       	adc	r22, r22
    22b6:	77 1f       	adc	r23, r23
    22b8:	88 1f       	adc	r24, r24
    22ba:	91 50       	subi	r25, 0x01	; 1
    22bc:	50 40       	sbci	r21, 0x00	; 0
    22be:	a9 f7       	brne	.-22     	; 0x22aa <__mulsf3_pse+0x64>
    22c0:	9e 3f       	cpi	r25, 0xFE	; 254
    22c2:	51 05       	cpc	r21, r1
    22c4:	80 f0       	brcs	.+32     	; 0x22e6 <__mulsf3_pse+0xa0>
    22c6:	0c 94 7a 11 	jmp	0x22f4	; 0x22f4 <__fp_inf>
    22ca:	0c 94 02 11 	jmp	0x2204	; 0x2204 <__fp_szero>
    22ce:	5f 3f       	cpi	r21, 0xFF	; 255
    22d0:	e4 f3       	brlt	.-8      	; 0x22ca <__mulsf3_pse+0x84>
    22d2:	98 3e       	cpi	r25, 0xE8	; 232
    22d4:	d4 f3       	brlt	.-12     	; 0x22ca <__mulsf3_pse+0x84>
    22d6:	86 95       	lsr	r24
    22d8:	77 95       	ror	r23
    22da:	67 95       	ror	r22
    22dc:	b7 95       	ror	r27
    22de:	f7 95       	ror	r31
    22e0:	e7 95       	ror	r30
    22e2:	9f 5f       	subi	r25, 0xFF	; 255
    22e4:	c1 f7       	brne	.-16     	; 0x22d6 <__mulsf3_pse+0x90>
    22e6:	fe 2b       	or	r31, r30
    22e8:	88 0f       	add	r24, r24
    22ea:	91 1d       	adc	r25, r1
    22ec:	96 95       	lsr	r25
    22ee:	87 95       	ror	r24
    22f0:	97 f9       	bld	r25, 7
    22f2:	08 95       	ret

000022f4 <__fp_inf>:
    22f4:	97 f9       	bld	r25, 7
    22f6:	9f 67       	ori	r25, 0x7F	; 127
    22f8:	80 e8       	ldi	r24, 0x80	; 128
    22fa:	70 e0       	ldi	r23, 0x00	; 0
    22fc:	60 e0       	ldi	r22, 0x00	; 0
    22fe:	08 95       	ret

00002300 <__fp_nan>:
    2300:	9f ef       	ldi	r25, 0xFF	; 255
    2302:	80 ec       	ldi	r24, 0xC0	; 192
    2304:	08 95       	ret

00002306 <__fp_pscA>:
    2306:	00 24       	eor	r0, r0
    2308:	0a 94       	dec	r0
    230a:	16 16       	cp	r1, r22
    230c:	17 06       	cpc	r1, r23
    230e:	18 06       	cpc	r1, r24
    2310:	09 06       	cpc	r0, r25
    2312:	08 95       	ret

00002314 <__fp_pscB>:
    2314:	00 24       	eor	r0, r0
    2316:	0a 94       	dec	r0
    2318:	12 16       	cp	r1, r18
    231a:	13 06       	cpc	r1, r19
    231c:	14 06       	cpc	r1, r20
    231e:	05 06       	cpc	r0, r21
    2320:	08 95       	ret

00002322 <__fp_round>:
    2322:	09 2e       	mov	r0, r25
    2324:	03 94       	inc	r0
    2326:	00 0c       	add	r0, r0
    2328:	11 f4       	brne	.+4      	; 0x232e <__fp_round+0xc>
    232a:	88 23       	and	r24, r24
    232c:	52 f0       	brmi	.+20     	; 0x2342 <__fp_round+0x20>
    232e:	bb 0f       	add	r27, r27
    2330:	40 f4       	brcc	.+16     	; 0x2342 <__fp_round+0x20>
    2332:	bf 2b       	or	r27, r31
    2334:	11 f4       	brne	.+4      	; 0x233a <__fp_round+0x18>
    2336:	60 ff       	sbrs	r22, 0
    2338:	04 c0       	rjmp	.+8      	; 0x2342 <__fp_round+0x20>
    233a:	6f 5f       	subi	r22, 0xFF	; 255
    233c:	7f 4f       	sbci	r23, 0xFF	; 255
    233e:	8f 4f       	sbci	r24, 0xFF	; 255
    2340:	9f 4f       	sbci	r25, 0xFF	; 255
    2342:	08 95       	ret

00002344 <_exit>:
    2344:	f8 94       	cli

00002346 <__stop_program>:
    2346:	ff cf       	rjmp	.-2      	; 0x2346 <__stop_program>
